#property,prefCode,regionCode,prefName,cityName,surveyDate,regionName,totalPopulation,male,woman,man1,woman1,man2,woman2,man3,woman3,man4,woman4,man5,woman5,man6,woman6,man7,woman7,man8,woman8,man9,woman9,man10,woman10,man11,woman11,man12,woman12,man13,woman13,man14,woman14,man15,woman15,man16,woman16,man17,woman17,man18,woman18,numberOfHouseholds,note,location
1,37201,,香川県,高松市,4/1/2023,塩屋町,217,96,121,1,4,3,2,4,1,2,2,5,5,10,7,3,4,9,7,8,6,11,12,8,13,8,7,5,9,3,10,8,9,3,6,2,9,3,8,137,,"34.342286,134.055021"
2,37201,,香川県,高松市,4/1/2023,築地町,664,307,357,4,9,8,8,5,9,14,7,5,13,28,18,7,18,18,17,24,18,19,32,28,24,25,22,23,33,24,21,34,30,18,27,11,21,12,30,400,,"34.341274,134.056839"
3,37201,,香川県,高松市,4/1/2023,塩上町,116,63,53,1,0,2,1,0,0,1,1,10,1,11,6,8,2,2,2,0,4,6,4,1,1,5,4,2,2,4,1,4,3,1,9,1,6,4,6,84,,"34.335876,134.052375"
4,37201,,香川県,高松市,4/1/2023,塩上町１丁目,219,112,107,1,0,1,3,3,0,3,1,4,9,8,7,8,5,9,1,7,3,9,4,11,9,5,5,4,4,4,12,14,10,8,12,7,9,6,13,152,,"34.338200,134.053646"
5,37201,,香川県,高松市,4/1/2023,塩上町２丁目,738,350,388,7,9,7,7,10,11,14,10,29,29,28,16,14,15,17,21,32,21,31,40,23,30,27,20,28,21,20,27,28,28,15,22,10,25,10,36,470,,"34.338544,134.055472"
6,37201,,香川県,高松市,4/1/2023,塩上町３丁目,625,307,318,11,10,16,12,11,8,12,9,12,15,16,10,13,19,20,17,26,24,22,24,24,18,20,15,15,19,24,25,27,28,16,26,9,14,13,25,358,,"34.339112,134.057533"
7,37201,,香川県,高松市,4/1/2023,八坂町,86,38,48,2,1,1,2,1,2,1,0,1,1,2,4,3,1,1,2,6,4,2,2,0,1,3,2,1,3,1,3,3,5,3,5,3,3,4,7,52,,"34.339782,134.053748"
8,37201,,香川県,高松市,4/1/2023,福田町,247,116,131,1,2,7,4,6,5,9,4,9,3,3,2,1,3,7,6,7,14,9,8,5,6,8,9,13,8,5,12,8,14,7,8,5,3,6,20,136,,"34.341477,134.053890"
9,37201,,香川県,高松市,4/1/2023,常磐町１丁目,125,53,72,3,3,2,2,0,3,2,2,3,2,2,6,1,1,4,7,3,5,5,7,5,2,7,7,5,4,1,5,7,2,1,3,1,3,1,8,68,,"34.338740,134.051256"
10,37201,,香川県,高松市,4/1/2023,常磐町２丁目,265,128,137,1,4,3,1,1,2,1,2,9,13,18,14,6,6,10,6,9,5,7,7,9,9,9,9,11,7,5,8,11,8,4,9,6,15,8,12,181,,"34.337613,134.051101"
11,37201,,香川県,高松市,4/1/2023,瓦町１丁目,191,100,91,1,1,3,2,4,3,3,4,4,1,3,10,1,2,7,2,4,4,6,9,11,0,10,5,7,4,8,7,8,12,8,8,8,5,4,12,128,,"34.341325,134.051585"
12,37201,,香川県,高松市,4/1/2023,瓦町２丁目,282,126,156,2,2,3,4,1,3,3,6,6,5,3,8,4,5,7,6,5,7,12,14,9,12,12,6,9,6,9,14,19,24,9,9,8,10,5,15,174,,"34.339954,134.051305"
13,37201,,香川県,高松市,4/1/2023,古馬場町,167,78,89,0,0,2,0,1,2,1,0,1,0,1,2,4,1,1,1,5,2,8,4,2,5,6,6,7,9,12,4,7,12,5,6,7,10,8,25,114,,"34.342517,134.051924"
14,37201,,香川県,高松市,4/1/2023,御坊町,129,66,63,0,2,3,0,3,1,6,1,3,1,3,4,1,1,4,2,3,5,7,6,4,3,8,4,1,1,3,5,6,9,3,6,1,7,7,5,65,,"34.343378,134.052548"
15,37201,,香川県,高松市,4/1/2023,今新町,128,60,68,2,0,2,1,1,1,1,1,3,1,2,2,1,2,1,1,4,4,7,3,7,6,4,4,2,3,2,5,8,8,2,5,3,7,8,14,82,,"34.343979,134.052660"
16,37201,,香川県,高松市,4/1/2023,大工町,165,81,84,0,0,2,0,2,0,2,3,4,5,3,1,7,3,4,2,11,1,5,9,7,8,5,4,4,8,8,10,5,9,5,6,2,5,5,10,112,,"34.344544,134.052793"
17,37201,,香川県,高松市,4/1/2023,百間町,272,136,136,4,3,2,6,6,3,8,5,3,5,6,2,7,6,7,6,9,14,17,12,10,11,14,11,5,8,9,4,10,7,8,14,4,2,7,17,170,,"34.345116,134.052861"
18,37201,,香川県,高松市,4/1/2023,片原町,298,135,163,1,3,9,4,1,6,4,3,3,2,3,5,6,5,6,6,5,13,14,9,6,13,15,11,13,14,13,10,11,18,13,9,3,11,9,21,167,,"34.345681,134.053043"
19,37201,,香川県,高松市,4/1/2023,鶴屋町,284,134,150,1,4,0,6,0,3,2,5,2,4,7,7,5,5,15,5,11,7,3,10,11,8,13,9,14,11,13,14,14,13,11,10,5,8,7,21,187,,"34.346738,134.055123"
20,37201,,香川県,高松市,4/1/2023,本町,463,225,238,4,1,2,0,3,2,3,3,21,45,20,22,19,14,7,7,7,8,20,12,13,15,22,9,18,16,19,12,15,22,11,17,11,15,10,18,339,,"34.348509,134.054779"
21,37201,,香川県,高松市,4/1/2023,北浜町,381,185,196,2,1,5,2,5,10,5,4,7,4,6,5,15,7,11,12,10,11,18,14,17,16,20,13,18,17,12,21,13,16,9,9,9,12,3,22,235,,"34.350584,134.055577"
22,37201,,香川県,高松市,4/1/2023,朝日町１丁目,16,10,6,1,0,0,0,0,0,0,0,0,0,7,4,1,0,0,0,0,1,0,0,0,0,0,0,0,0,0,0,1,0,0,0,0,0,0,1,14,,"34.349551,134.062394"
23,37201,,香川県,高松市,4/1/2023,朝日町２丁目,318,166,152,2,4,2,2,4,7,9,5,24,4,20,3,12,4,12,6,11,7,8,6,4,11,8,8,6,7,8,9,13,12,7,21,7,14,9,22,198,,"34.349476,134.065023"
24,37201,,香川県,高松市,4/1/2023,朝日町３丁目,13,9,4,0,0,1,0,0,0,2,0,0,0,0,0,0,0,0,0,1,1,1,0,0,0,1,1,1,0,0,0,0,0,1,0,0,2,1,0,9,,"34.349433,134.067854"
25,37201,,香川県,高松市,4/1/2023,朝日町４丁目,0,0,0,0,0,0,0,0,0,0,0,0,0,0,0,0,0,0,0,0,0,0,0,0,0,0,0,0,0,0,0,0,0,0,0,0,0,0,0,-,,"34.355141,134.063999"
26,37201,,香川県,高松市,4/1/2023,朝日町５丁目,29,29,0,0,0,0,0,0,0,0,0,2,0,11,0,14,0,0,0,0,0,1,0,1,0,0,0,0,0,0,0,0,0,0,0,0,0,0,0,29,,"34.350713,134.074847"
27,37201,,香川県,高松市,4/1/2023,朝日町６丁目,0,0,0,0,0,0,0,0,0,0,0,0,0,0,0,0,0,0,0,0,0,0,0,0,0,0,0,0,0,0,0,0,0,0,0,0,0,0,0,-,,"34.358639,134.077278"
28,37201,,香川県,高松市,4/1/2023,東浜町１丁目,79,38,41,1,1,1,0,0,1,0,2,3,6,3,4,1,1,1,1,0,2,6,1,1,0,5,6,2,0,0,2,2,2,5,4,3,3,4,5,52,,"34.345672,134.057062"
29,37201,,香川県,高松市,4/1/2023,城東町１丁目,164,79,85,0,1,1,2,0,2,1,2,5,4,6,5,8,2,7,2,1,5,9,4,5,6,1,4,7,6,2,11,10,7,7,5,4,5,5,12,115,,"34.34741472,134.05595611"
30,37201,,香川県,高松市,4/1/2023,城東町２丁目,120,66,54,0,0,0,2,2,3,0,1,4,3,2,0,3,1,4,0,2,1,4,9,9,3,5,1,3,1,7,4,7,2,3,5,3,7,8,11,77,,"34.349670,134.058749"
31,37201,,香川県,高松市,4/1/2023,朝日新町,7,4,3,0,0,0,0,0,1,0,0,0,0,0,0,0,0,2,0,0,1,1,0,0,0,0,0,0,0,0,1,1,0,0,0,0,0,0,0,4,,"34.360121,134.067116"
32,37201,,香川県,高松市,4/1/2023,通町,69,25,44,0,0,0,1,1,2,0,0,1,1,4,0,0,0,1,2,2,5,1,1,3,1,0,4,3,2,0,2,5,4,1,4,2,3,1,12,37,,"34.345184,134.055567"
33,37201,,香川県,高松市,4/1/2023,井口町,200,102,98,2,1,4,3,2,2,3,1,15,1,7,4,5,6,7,6,6,7,11,7,13,9,5,2,4,4,6,9,3,6,4,9,3,8,2,13,138,,"34.345031,134.057334"
34,37201,,香川県,高松市,4/1/2023,末広町,412,195,217,5,3,10,10,10,6,6,6,8,10,9,7,7,7,16,17,17,17,20,23,8,14,14,13,18,14,7,12,14,18,11,12,4,8,11,20,233,,"34.344064,134.057235"
35,37201,,香川県,高松市,4/1/2023,福岡町１丁目,390,200,190,5,3,8,8,8,6,6,12,6,10,7,4,7,5,14,9,15,18,18,14,19,19,8,7,15,16,16,15,27,17,11,10,5,8,5,9,219,,"34.346039,134.061190"
36,37201,,香川県,高松市,4/1/2023,福岡町２丁目,1087,521,566,9,10,24,13,22,33,20,10,35,38,37,23,32,23,29,26,26,32,42,35,41,38,42,44,34,43,32,37,35,42,26,37,15,26,20,56,625,,"34.345368,134.066160"
37,37201,,香川県,高松市,4/1/2023,福岡町３丁目,941,463,478,11,20,13,8,12,19,16,20,26,16,30,23,19,16,29,25,27,27,25,34,47,27,34,33,23,29,39,40,41,42,31,31,19,21,21,47,537,,"34.344806,134.072319"
38,37201,,香川県,高松市,4/1/2023,福岡町４丁目,997,468,529,12,7,20,16,19,19,22,28,37,47,27,19,17,13,24,15,34,29,47,37,17,33,34,24,21,34,43,26,28,53,21,33,21,24,24,72,600,,"34.341421,134.070862"
39,37201,,香川県,高松市,4/1/2023,松福町１丁目,1028,502,526,44,22,19,17,16,20,17,17,18,20,15,24,40,33,34,49,43,36,29,31,39,33,30,35,25,25,25,28,38,33,27,31,15,27,28,45,552,,"34.343128,134.060694"
40,37201,,香川県,高松市,4/1/2023,松福町２丁目,833,452,381,11,12,13,15,16,10,19,20,34,18,32,12,18,15,22,22,34,25,45,30,34,35,37,24,22,17,27,26,39,22,12,26,17,18,20,34,501,,"34.34023306,134.06504944"
41,37201,,香川県,高松市,4/1/2023,松島町,167,67,100,1,0,2,0,3,3,1,1,1,2,2,2,1,5,5,1,0,3,11,4,2,4,4,6,2,5,8,14,8,12,8,11,6,10,2,17,107,,"34.333470,134.068614"
42,37201,,香川県,高松市,4/1/2023,松島町１丁目,461,232,229,7,5,9,4,9,6,7,12,11,8,18,15,13,7,10,10,10,15,19,12,14,16,16,21,23,20,14,11,20,21,10,15,13,11,9,20,263,,"34.339806,134.060189"
43,37201,,香川県,高松市,4/1/2023,松島町２丁目,939,443,496,14,14,20,12,24,21,24,23,27,28,23,32,29,22,30,25,31,30,35,48,29,31,28,38,32,23,22,28,26,39,19,27,15,15,15,40,512,,"34.338820,134.064936"
44,37201,,香川県,高松市,4/1/2023,松島町３丁目,1367,651,716,25,23,35,32,32,29,20,13,13,25,35,37,43,40,49,45,45,42,57,41,38,41,53,56,37,45,45,40,47,41,19,45,24,54,34,67,681,,"34.069518,134.069518"
45,37201,,香川県,高松市,4/1/2023,多賀町１丁目,246,111,135,1,3,1,2,1,1,3,5,5,5,5,5,5,7,8,10,6,5,5,3,4,7,6,11,10,12,17,7,12,11,7,11,8,8,7,22,138,,"34.336773,134.057996"
46,37201,,香川県,高松市,4/1/2023,多賀町２丁目,677,342,335,18,12,12,9,20,11,15,15,12,8,23,15,30,30,21,21,18,27,23,32,28,30,29,18,23,15,15,15,26,22,11,13,10,16,8,26,346,,"34.336662,134.060073"
47,37201,,香川県,高松市,4/1/2023,多賀町３丁目,763,361,402,7,5,14,10,12,13,18,20,20,21,15,12,14,12,19,22,18,22,36,23,22,28,31,29,18,30,37,27,28,31,20,29,17,23,15,45,416,,"34.336576,134.063243"
48,37201,,香川県,高松市,4/1/2023,花園町１丁目,614,296,318,6,15,11,8,8,6,11,14,17,9,18,9,16,14,14,17,17,13,21,21,20,16,31,19,25,18,15,25,22,27,15,21,12,12,17,54,362,,"34.334696,134.057838"
49,37201,,香川県,高松市,4/1/2023,花園町２丁目,331,156,175,4,3,3,9,8,8,13,12,9,4,8,3,5,2,12,4,13,14,9,11,12,14,7,5,9,7,10,17,12,16,13,17,7,10,2,19,180,,"34.333573,134.057331"
50,37201,,香川県,高松市,4/1/2023,花園町３丁目,540,239,301,3,9,8,16,15,15,16,13,12,10,12,10,15,7,14,17,17,24,22,24,20,14,13,22,22,21,10,17,9,16,10,21,10,18,11,27,272,,"34.332627,134.056915"
51,37201,,香川県,高松市,4/1/2023,観光通１丁目,207,103,104,3,5,3,5,2,0,0,0,7,7,2,6,6,5,13,6,10,10,9,12,8,6,9,6,6,9,6,5,9,7,5,2,0,1,5,12,130,,"34.336699,134.051633"
52,37201,,香川県,高松市,4/1/2023,観光通２丁目,121,66,55,1,1,2,2,3,0,0,2,2,4,2,6,9,6,5,2,4,3,7,4,4,2,8,4,5,5,0,2,4,4,6,2,1,4,3,2,83,,"34.33607972,134.05686194"
53,37201,,香川県,高松市,4/1/2023,田町,323,154,169,2,1,0,3,1,3,5,3,9,6,9,5,7,5,6,6,11,11,10,12,10,10,12,12,12,8,17,15,15,23,9,11,8,12,11,23,212,,"34.337159,134.048833"
54,37201,,香川県,高松市,4/1/2023,東田町,188,90,98,1,1,0,0,0,0,5,0,5,5,6,4,10,4,6,5,4,1,5,4,2,2,6,11,7,10,9,5,9,12,4,8,3,3,8,23,130,,"34.335767,134.049814"
55,37201,,香川県,高松市,4/1/2023,藤塚町,30,11,19,0,0,1,0,0,2,0,0,0,0,0,0,0,0,0,1,1,2,2,0,0,2,0,2,1,1,1,0,1,3,3,2,0,1,1,3,18,,"34.335085,134.050291"
56,37201,,香川県,高松市,4/1/2023,藤塚町１丁目,842,391,451,13,6,11,11,15,9,24,12,9,19,18,27,19,20,23,17,20,30,38,35,35,29,31,39,20,27,29,40,44,35,17,30,12,22,13,43,513,,"34.333899,134.048021"
57,37201,,香川県,高松市,4/1/2023,藤塚町２丁目,1021,464,557,12,13,25,26,23,24,17,21,21,27,24,19,15,18,17,28,31,40,51,44,30,34,28,26,42,33,39,27,32,57,26,50,24,29,7,41,605,,"34.333809,134.050570"
58,37201,,香川県,高松市,4/1/2023,藤塚町３丁目,527,257,270,11,6,4,5,10,8,4,5,14,14,20,13,13,10,13,9,18,15,17,17,14,22,19,16,20,12,18,20,21,24,12,16,7,23,22,35,305,,"34.334006,134.053063"
59,37201,,香川県,高松市,4/1/2023,栗林町１丁目,1130,526,604,13,22,23,13,25,26,47,31,37,38,21,15,17,20,21,27,32,44,44,62,54,65,53,34,36,39,30,24,34,52,19,26,7,25,13,41,558,,"34.329256,134.046228"
60,37201,,香川県,高松市,4/1/2023,栗林町２丁目,1308,610,698,25,12,30,33,38,30,34,38,30,32,20,28,13,20,44,50,48,44,48,67,53,54,36,48,45,40,48,42,37,49,23,28,20,32,18,51,673,,"34.330885,134.049506"
61,37201,,香川県,高松市,4/1/2023,栗林町３丁目,635,299,336,6,5,11,12,14,14,21,13,14,14,20,10,11,8,18,16,20,21,23,25,23,18,16,32,26,30,14,19,23,31,17,17,10,23,12,28,321,,"34.32881028,134.04804333"
62,37201,,香川県,高松市,4/1/2023,桜町１丁目,2134,1006,1128,46,55,74,61,62,68,66,81,48,47,29,39,27,34,64,64,76,89,106,122,88,94,68,74,69,68,50,52,65,63,27,42,17,35,24,40,909,,"34.330565,134.052794"
63,37201,,香川県,高松市,4/1/2023,桜町２丁目,1492,699,793,30,30,53,59,54,60,54,53,37,30,24,29,29,30,39,53,62,67,66,87,54,67,50,65,48,46,42,25,23,34,10,17,11,16,13,25,582,,"34.326819,134.053219"
64,37201,,香川県,高松市,4/1/2023,楠上町１丁目,1213,573,640,30,36,52,47,34,20,17,27,23,28,26,26,29,40,42,52,46,43,48,48,39,41,39,42,33,49,41,29,27,33,14,21,11,26,22,32,523,,"34.331241,134.057056"
65,37201,,香川県,高松市,4/1/2023,楠上町２丁目,1101,541,560,28,16,41,47,46,56,42,45,27,22,16,20,30,14,25,37,56,71,73,77,59,48,35,25,23,26,19,14,7,15,6,8,2,7,6,12,430,,"34.329389,134.056040"
66,37201,,香川県,高松市,4/1/2023,花ノ宮町１丁目,686,328,358,8,8,14,12,22,17,19,23,12,17,12,15,22,22,22,11,25,28,36,37,30,26,28,28,23,22,13,19,13,20,13,14,4,17,12,22,347,,"34.326569,134.048473"
67,37201,,香川県,高松市,4/1/2023,花ノ宮町２丁目,836,418,418,12,18,27,16,21,17,21,22,25,21,22,25,32,23,26,20,24,28,39,37,32,31,30,18,23,28,22,22,27,30,17,24,10,16,8,22,406,,"34.324017,134.048590"
68,37201,,香川県,高松市,4/1/2023,花ノ宮町３丁目,413,187,226,9,7,8,10,6,14,10,9,5,16,7,9,6,8,16,18,14,14,16,18,14,18,16,11,11,12,17,14,12,11,10,12,1,8,9,17,199,,"34.324465,134.046077"
69,37201,,香川県,高松市,4/1/2023,上之町１丁目,729,334,395,9,13,14,12,17,16,19,11,15,29,15,17,8,17,17,15,23,29,35,40,37,40,28,34,27,28,26,22,19,18,7,10,11,17,7,27,337,,"34.321010,134.045014"
70,37201,,香川県,高松市,4/1/2023,上之町２丁目,892,426,466,12,20,21,20,20,26,23,19,22,17,24,23,23,25,40,18,23,35,29,38,25,23,28,21,19,28,28,32,35,36,28,33,11,19,15,33,459,,"34.320445,134.048077"
71,37201,,香川県,高松市,4/1/2023,上之町３丁目,895,446,449,11,19,27,25,25,29,29,20,17,18,26,19,19,25,30,28,43,37,49,50,37,36,32,29,20,26,19,23,28,18,8,11,10,13,16,23,419,,"34.322929,134.051347"
72,37201,,香川県,高松市,4/1/2023,旅篭町,34,23,11,1,0,0,0,0,0,0,0,4,2,2,1,4,0,1,1,1,1,2,0,1,0,3,1,1,0,0,1,2,3,1,1,0,0,0,0,25,,"34.335559,134.047528"
73,37201,,香川県,高松市,4/1/2023,中新町,365,178,187,6,1,7,3,9,12,6,8,10,7,12,8,10,9,6,9,11,8,14,13,7,16,15,20,21,15,13,10,13,19,2,5,5,9,11,15,208,,"34.337041,134.047660"
74,37201,,香川県,高松市,4/1/2023,天神前,590,269,321,10,7,17,20,13,15,6,10,9,14,13,10,13,4,16,21,17,24,36,43,18,21,18,21,21,15,16,14,18,28,13,11,7,12,8,31,300,,"34.338991,134.045795"
75,37201,,香川県,高松市,4/1/2023,中央町,1195,582,613,19,13,22,21,34,27,36,22,43,41,44,37,19,26,27,27,47,38,48,50,50,48,38,48,35,39,22,34,39,39,28,30,12,31,19,42,641,,"34.336395,134.045082"
76,37201,,香川県,高松市,4/1/2023,中野町,1282,623,659,26,10,32,22,32,15,21,25,34,28,40,30,14,21,37,43,33,42,49,62,47,35,38,40,35,46,52,42,54,47,24,31,21,38,34,82,733,,"34.333850,134.044116"
77,37201,,香川県,高松市,4/1/2023,亀岡町,507,251,256,9,4,13,5,8,9,11,7,18,7,20,14,10,11,20,8,13,16,14,14,11,14,20,22,18,14,8,14,15,25,14,16,10,28,19,28,290,,"34.337080,134.041227"
78,37201,,香川県,高松市,4/1/2023,番町１丁目,250,118,132,6,4,6,7,5,3,2,4,7,1,8,6,5,6,8,5,5,7,12,12,4,6,4,6,10,9,9,14,6,13,8,12,5,5,8,12,118,,"34.343092,134.046553"
79,37201,,香川県,高松市,4/1/2023,番町２丁目,356,175,181,6,4,6,5,6,3,7,7,6,6,13,9,7,5,12,5,8,11,11,8,12,13,14,18,21,11,10,12,8,13,11,8,4,12,13,31,196,,"34.34355083,134.04488778"
80,37201,,香川県,高松市,4/1/2023,番町３丁目,621,292,329,7,10,11,16,20,18,17,20,20,16,11,11,9,10,7,12,21,25,29,28,15,18,32,24,20,23,17,13,19,24,17,19,10,10,10,32,290,,"34.342400,134.041726"
81,37201,,香川県,高松市,4/1/2023,番町４丁目,537,277,260,10,10,14,13,14,9,6,15,23,12,21,9,14,9,18,16,22,20,21,20,21,17,15,21,16,12,19,19,15,21,11,10,8,7,9,20,277,,"34.340780,134.041285"
82,37201,,香川県,高松市,4/1/2023,番町５丁目,503,234,269,3,7,13,13,21,13,16,16,12,18,7,10,7,4,9,8,9,18,33,31,19,31,20,18,13,17,15,12,15,21,12,14,7,9,3,9,234,,"34.339285,134.040978"
83,37201,,香川県,高松市,4/1/2023,紫雲町,208,105,103,4,3,4,4,2,8,7,3,12,8,4,2,7,6,3,6,7,12,10,7,4,5,8,7,8,3,6,5,7,8,3,4,5,3,4,9,125,,"34.341121,134.033606"
84,37201,,香川県,高松市,4/1/2023,新北町,1465,724,741,14,23,23,18,30,25,35,34,38,53,48,45,24,35,50,36,63,46,53,53,64,47,56,43,39,37,48,47,62,67,32,53,25,34,20,45,835,,"34.352815,134.025363"
85,37201,,香川県,高松市,4/1/2023,宮脇町１丁目,1821,845,976,25,25,37,29,45,28,49,32,65,61,40,38,35,57,40,50,49,63,58,61,57,69,70,62,53,52,48,60,60,82,49,60,28,42,37,105,945,,"34.33958444,134.03529167"
86,37201,,香川県,高松市,4/1/2023,宮脇町２丁目,2083,993,1090,28,15,33,27,41,42,54,49,77,57,59,37,35,25,50,47,61,57,61,66,52,74,75,69,70,64,58,70,93,106,59,81,28,68,59,136,1192,,"34.333101,134.035803"
87,37201,,香川県,高松市,4/1/2023,西宝町１丁目,1199,547,652,13,18,18,17,19,27,27,35,43,41,29,26,24,27,33,26,31,47,53,48,44,37,37,48,41,50,41,37,37,47,19,39,24,37,14,45,665,,"34.343417,134.028386"
88,37201,,香川県,高松市,4/1/2023,西宝町２丁目,964,487,477,12,10,19,17,26,18,24,27,34,18,16,12,30,20,30,25,43,27,36,26,39,38,51,39,34,34,27,33,30,35,14,29,9,20,13,49,534,,"34.338427,134.026970"
89,37201,,香川県,高松市,4/1/2023,西宝町３丁目,388,188,200,4,6,6,8,12,7,6,12,12,12,10,2,10,9,8,10,13,10,12,16,13,18,12,12,14,15,16,18,16,6,6,17,7,8,11,14,191,,"34.344151,134.023055"
90,37201,,香川県,高松市,4/1/2023,茜町,1650,810,840,35,25,34,23,37,35,49,33,57,45,30,40,52,52,41,50,48,58,47,60,62,72,71,70,58,61,52,64,61,62,38,35,18,26,20,29,820,,"34.349525,134.025150"
91,37201,,香川県,高松市,4/1/2023,西町,1029,489,540,12,18,20,24,23,21,23,26,37,48,25,25,34,15,30,35,27,44,55,54,35,40,32,28,30,26,25,36,40,40,22,29,8,15,11,16,516,,"34.346330,134.024326"
92,37201,,香川県,高松市,4/1/2023,瀬戸内町,969,493,476,7,4,8,7,15,11,15,21,30,12,24,23,19,13,23,13,31,20,30,25,31,29,33,22,46,37,44,49,57,60,37,54,22,19,21,57,590,,"34.34758361,134.03246917"
93,37201,,香川県,高松市,4/1/2023,扇町１丁目,1322,637,685,8,10,18,17,24,19,21,24,33,48,25,13,19,19,28,27,48,36,42,39,36,47,37,25,44,46,74,53,75,84,46,49,32,59,27,70,749,,"34.346558,134.036476"
94,37201,,香川県,高松市,4/1/2023,扇町２丁目,488,235,253,1,4,6,4,12,8,10,13,26,26,18,16,17,15,6,8,10,10,23,15,9,11,20,17,14,17,13,21,22,20,13,8,5,15,10,25,296,,"34.34451944,134.03656833"
95,37201,,香川県,高松市,4/1/2023,扇町３丁目,487,236,251,1,1,1,4,1,6,5,5,20,11,17,15,14,7,9,7,11,9,16,15,13,18,20,17,17,15,20,19,25,34,16,19,14,18,16,31,327,,"34.345819,134.031498"
96,37201,,香川県,高松市,4/1/2023,昭和町１丁目,1119,531,588,19,26,40,42,30,38,19,35,35,35,33,20,23,25,39,38,37,44,44,49,50,54,47,45,46,35,20,19,21,16,7,18,9,18,12,31,510,,"34.343234,134.033872"
97,37201,,香川県,高松市,4/1/2023,昭和町２丁目,612,286,326,27,26,17,22,16,17,11,3,11,11,9,10,24,28,29,36,34,29,21,24,18,16,13,14,12,16,10,18,17,17,7,11,4,7,6,21,285,,"34.343324,134.031092"
98,37201,,香川県,高松市,4/1/2023,サンポート,0,0,0,0,0,0,0,0,0,0,0,0,0,0,0,0,0,0,0,0,0,0,0,0,0,0,0,0,0,0,0,0,0,0,0,0,0,0,0,-,,"34.353730,134.046918"
99,37201,,香川県,高松市,4/1/2023,幸町,10,0,10,0,0,0,0,0,0,0,3,0,7,0,0,0,0,0,0,0,0,0,0,0,0,0,0,0,0,0,0,0,0,0,0,0,0,0,0,10,,"34.341525,134.036836"
100,37201,,香川県,高松市,4/1/2023,錦町１丁目,1754,850,904,24,27,42,44,52,56,45,39,34,29,48,34,37,36,59,54,74,85,87,103,82,77,64,74,53,53,44,46,44,41,29,34,16,29,16,43,869,,"34.347405,134.044821"
101,37201,,香川県,高松市,4/1/2023,錦町２丁目,1202,587,615,19,16,22,26,29,21,29,21,28,28,40,29,34,25,20,26,33,42,55,49,51,48,42,45,35,34,36,45,44,54,24,35,23,25,23,46,622,,"34.347162,134.041733"
102,37201,,香川県,高松市,4/1/2023,浜ノ町,4340,2061,2279,68,64,95,84,66,70,91,64,80,69,67,77,100,86,111,115,111,131,162,157,150,186,150,181,171,160,180,159,178,229,110,146,95,132,76,169,2241,,"34.351222,134.040597"
103,37201,,香川県,高松市,4/1/2023,玉藻町,20,6,14,0,0,0,0,0,1,0,1,0,0,0,2,2,1,1,1,1,1,0,0,1,1,0,1,1,1,0,0,0,2,0,0,0,1,0,1,15,,"34.350113,134.052514"
104,37201,,香川県,高松市,4/1/2023,丸の内,560,250,310,9,10,7,5,4,5,8,7,13,8,17,6,10,17,17,9,13,18,21,21,19,25,20,28,21,22,17,27,20,26,11,14,10,23,13,39,322,,"34.347668,134.051565"
105,37201,,香川県,高松市,4/1/2023,内町,123,66,57,0,1,1,0,0,2,0,0,0,1,3,1,2,2,5,2,6,4,8,3,8,2,4,5,4,4,9,7,11,9,2,4,1,4,2,6,86,,"34.346491,134.051892"
106,37201,,香川県,高松市,4/1/2023,寿町１丁目,89,44,45,5,2,1,4,3,0,2,4,1,0,1,2,1,2,6,3,4,7,7,6,2,3,4,2,2,2,3,3,1,2,1,1,0,0,0,2,43,,"34.349920,134.048873"
107,37201,,香川県,高松市,4/1/2023,寿町２丁目,7,5,2,0,0,0,0,0,0,0,0,0,0,0,0,0,0,0,0,0,0,0,0,3,0,0,0,0,0,0,0,0,0,0,1,2,1,0,0,6,,"34.347616,134.048446"
108,37201,,香川県,高松市,4/1/2023,西の丸町,145,83,62,2,0,0,0,3,3,3,4,10,3,2,1,2,3,3,2,3,2,12,5,7,1,1,7,5,3,5,2,8,2,6,9,2,8,9,7,99,,"34.349388,134.047371"
109,37201,,香川県,高松市,4/1/2023,西内町,254,115,139,1,1,4,2,5,3,0,2,10,3,15,8,7,7,1,6,4,10,6,4,4,3,8,13,8,9,8,11,12,19,9,11,5,10,8,17,152,,"34.347715,134.047040"
110,37201,,香川県,高松市,4/1/2023,兵庫町,250,116,134,6,2,5,2,1,5,4,2,5,2,3,3,5,10,5,7,6,8,11,11,9,10,7,7,7,8,11,11,11,13,8,11,5,6,7,16,141,,"34.346390,134.048060"
111,37201,,香川県,高松市,4/1/2023,古新町,251,117,134,6,5,2,6,4,5,6,5,9,4,13,5,10,5,8,6,12,13,8,6,4,12,8,12,6,10,5,6,8,8,4,6,2,5,2,15,145,,"34.345778,134.047879"
112,37201,,香川県,高松市,4/1/2023,磨屋町,114,61,53,1,0,3,0,1,3,3,4,6,2,2,1,6,2,5,2,3,2,8,7,6,3,2,5,2,2,3,3,5,6,2,3,0,2,3,6,60,,"34.345221,134.047695"
113,37201,,香川県,高松市,4/1/2023,紺屋町,283,129,154,12,12,17,12,7,5,2,0,1,1,3,2,2,6,12,15,18,26,11,9,4,7,12,8,4,7,8,11,4,7,4,9,2,8,6,9,137,,"34.344749,134.047834"
114,37201,,香川県,高松市,4/1/2023,鍛冶屋町,70,36,34,3,1,1,1,1,0,1,0,0,0,0,1,2,2,3,2,2,2,3,0,2,1,1,2,3,2,2,1,7,5,1,1,1,3,3,10,43,,"34.342989,134.048753"
115,37201,,香川県,高松市,4/1/2023,丸亀町,308,133,175,3,1,4,4,5,8,1,4,6,2,1,4,5,1,2,3,8,14,15,12,6,16,11,7,13,18,14,18,19,19,11,14,7,6,2,24,182,,"34.343904,134.050055"
116,37201,,香川県,高松市,4/1/2023,南新町,94,40,54,0,0,0,0,1,2,1,4,0,2,2,2,1,1,2,0,1,1,4,4,3,5,3,7,2,1,3,4,6,8,3,3,3,5,5,5,49,,"34.340286,134.049336"
117,37201,,香川県,高松市,4/1/2023,亀井町,147,70,77,0,2,1,3,2,2,0,3,7,1,5,3,4,4,2,2,3,3,7,4,3,6,8,3,4,7,6,7,5,9,5,6,2,5,6,7,91,,"34.340240,134.048257"
118,37201,,香川県,高松市,4/1/2023,観光町,899,435,464,16,8,14,11,17,17,17,16,28,18,23,11,17,17,30,24,24,36,37,31,35,34,34,33,25,25,27,29,34,51,28,36,13,34,16,33,490,,"34.334899,134.063829"
119,37201,,香川県,高松市,4/1/2023,上福岡町,3366,1572,1794,70,57,59,65,68,57,60,57,65,73,97,97,100,109,115,122,108,95,121,136,115,118,92,101,101,100,99,95,109,147,66,93,58,96,69,176,1763,,"34.329947,134.064172"
120,37201,,香川県,高松市,4/1/2023,峰山町,151,70,81,0,3,5,6,2,3,2,6,2,8,1,1,2,0,2,2,6,6,6,11,10,5,3,3,3,2,7,9,12,6,2,4,2,3,3,3,65,,"34.330569,134.026914"
121,37201,,香川県,高松市,4/1/2023,室町,426,199,227,6,7,11,8,8,9,7,8,10,4,7,9,12,11,11,11,10,17,14,14,17,15,10,11,10,18,16,13,19,14,9,17,10,16,12,25,228,,"34.325735,134.042589"
122,37201,,香川県,高松市,4/1/2023,室新町,1272,604,668,30,22,44,51,44,51,41,35,22,24,20,12,20,24,37,57,54,61,66,69,54,45,41,41,34,43,25,33,24,29,20,22,13,17,15,32,540,,"34.326377,134.035941"
123,37201,,香川県,高松市,4/1/2023,東ハゼ町,648,305,343,6,5,1,4,0,2,9,14,23,28,25,22,18,7,20,12,14,16,26,20,22,15,16,14,18,21,21,28,30,35,20,39,17,18,19,43,446,,"34.320628,134.041020"
124,37201,,香川県,高松市,4/1/2023,西ハゼ町,691,341,350,11,10,5,6,1,3,6,7,18,12,25,14,24,19,23,22,21,24,31,13,22,18,11,23,26,30,29,29,39,28,20,37,9,19,20,36,426,,"34.320541,134.034917"
125,37201,,香川県,高松市,4/1/2023,紙町,935,449,486,5,12,5,4,6,5,4,10,19,34,37,32,32,23,24,25,26,21,43,16,34,33,38,32,30,24,33,33,43,41,24,47,28,37,18,57,651,,"34.316971,134.034923"
126,37201,,香川県,高松市,4/1/2023,松並町,762,368,394,3,2,6,3,6,8,12,10,20,18,22,13,24,11,22,15,14,13,23,25,27,27,19,26,25,18,27,34,39,37,27,46,26,37,26,51,452,,"34.317415,134.027099"
127,37201,,香川県,高松市,4/1/2023,西春日町,1433,674,759,16,9,9,10,21,18,23,19,28,21,28,27,24,21,25,18,35,31,44,45,50,41,58,62,39,50,57,56,83,113,50,75,46,69,38,74,842,,"34.321245,134.022858"
128,37201,,香川県,高松市,4/1/2023,勅使町,1714,906,808,24,26,19,18,17,12,75,22,47,52,82,46,60,37,70,59,60,37,71,60,64,47,43,50,47,40,64,56,66,81,37,49,32,48,28,68,1010,,"34.308378,134.017303"
129,37201,,香川県,高松市,4/1/2023,田村町,2205,1120,1085,30,33,24,28,37,26,30,27,63,31,76,65,67,47,61,45,73,49,80,65,77,64,77,62,78,76,92,103,120,120,62,84,46,86,27,74,1471,,"34.31382333,134.03022889"
130,37201,,香川県,高松市,4/1/2023,上天神町,1373,725,648,18,27,7,10,10,7,6,10,74,40,78,62,67,50,60,43,56,27,82,42,46,38,48,37,37,38,30,33,45,73,33,37,10,32,18,42,975,,"34.311973,134.038778"
131,37201,,香川県,高松市,4/1/2023,三条町,4816,2316,2500,110,105,135,121,128,122,124,133,120,113,127,121,131,126,168,186,171,186,212,247,206,177,147,163,104,118,105,116,131,137,64,100,60,86,73,143,2264,,"34.315192,134.046494"
132,37201,,香川県,高松市,4/1/2023,今里町,1051,515,536,20,17,24,20,27,22,31,41,28,24,29,31,30,21,44,42,38,40,54,63,45,42,39,37,27,26,25,29,23,29,15,18,9,9,7,25,517,,"34.322764,134.057085"
133,37201,,香川県,高松市,4/1/2023,今里町１丁目,1299,627,672,26,20,39,37,32,30,42,37,17,30,23,21,30,26,45,44,50,50,60,68,43,33,37,42,36,44,41,47,46,52,26,31,19,25,15,35,608,,"34.326087,134.057483"
134,37201,,香川県,高松市,4/1/2023,今里町２丁目,918,447,471,21,12,10,19,16,21,30,24,26,23,18,23,21,15,26,37,36,42,38,43,36,30,31,31,26,16,23,26,35,42,28,26,16,18,10,23,437,,"34.324704,134.062581"
135,37201,,香川県,高松市,4/1/2023,松縄町,5764,2780,2984,173,154,192,182,175,176,155,157,139,107,111,120,166,187,213,223,257,269,269,302,220,198,160,152,100,125,118,137,135,173,85,100,67,104,45,118,2523,,"34.31384917,134.06404833"
136,37201,,香川県,高松市,4/1/2023,伏石町,8397,4073,4324,210,188,249,234,234,234,239,258,233,220,167,180,229,229,252,283,337,321,378,360,337,359,279,277,208,205,179,210,192,203,126,158,86,168,138,237,3682,,"34.30998,134.05251889"
137,37201,,香川県,高松市,4/1/2023,太田下町,8192,3981,4211,218,189,267,247,269,286,233,277,233,193,208,195,276,254,282,323,320,378,396,370,295,302,217,221,177,186,146,171,179,208,113,139,71,102,81,170,3510,,"34.307413,134.047401"
138,37201,,香川県,高松市,4/1/2023,太田上町,7328,3439,3889,171,176,154,156,157,169,185,183,193,182,171,192,262,254,232,230,240,266,276,311,268,285,199,230,205,234,199,190,213,260,141,166,76,138,97,267,3429,,"34.30185833,134.04128111"
139,37201,,香川県,高松市,4/1/2023,木太町,32047,15367,16680,711,696,773,715,785,794,860,911,793,840,831,826,888,949,983,995,1181,1210,1438,1478,1149,1169,977,1028,834,845,834,896,941,1139,592,763,427,600,370,826,14834,,"34.32624528,134.07670778"
140,37201,,香川県,高松市,4/1/2023,春日町,4812,2400,2412,139,140,143,129,134,115,118,115,127,117,150,154,201,162,185,212,204,176,202,190,155,127,85,104,98,103,106,106,131,164,91,95,69,103,62,100,2196,,"34.32697333,134.09171194"
141,37201,,香川県,高松市,4/1/2023,新田町,5105,2518,2587,142,126,179,145,168,153,149,130,94,123,99,86,140,151,185,174,205,206,252,232,153,134,95,107,107,104,114,141,182,209,116,133,73,101,65,132,2124,,"34.321192,134.105192"
142,37201,,香川県,高松市,4/1/2023,高松町,12048,5641,6407,199,208,202,224,266,229,292,287,258,267,289,230,266,274,270,311,346,386,436,467,385,422,356,405,379,400,386,475,499,615,350,429,245,315,217,463,5693,,"34.33566417,134.10751306"
143,37201,,香川県,高松市,4/1/2023,屋島東町,3224,1530,1694,36,36,50,46,51,81,77,64,73,74,50,52,64,58,81,78,87,76,109,128,117,111,93,100,90,116,138,154,175,175,97,121,78,91,64,133,1486,,"34.35496778,134.11591722"
144,37201,,香川県,高松市,4/1/2023,屋島中町,1820,868,952,29,21,28,29,50,30,51,53,53,46,43,41,48,46,40,41,58,56,64,74,63,73,71,63,57,72,65,61,61,79,42,52,29,45,16,70,875,,"34.34371056,134.10129944"
145,37201,,香川県,高松市,4/1/2023,屋島西町,14376,6897,7479,228,247,287,248,305,288,339,384,413,357,345,302,332,356,414,383,441,434,578,610,582,621,493,555,490,529,466,511,513,547,277,390,225,300,169,417,7147,,"34.35227583,134.08916139"
146,37201,,香川県,高松市,4/1/2023,前田西町,1321,626,695,19,28,15,24,25,16,25,32,46,29,25,31,30,37,33,36,55,44,42,47,35,29,41,42,37,41,46,50,60,67,44,45,23,28,25,69,622,,"34.304903,134.112944"
147,37201,,香川県,高松市,4/1/2023,前田東町,1944,959,985,35,22,39,31,46,46,38,39,59,54,51,45,50,50,63,50,49,54,77,73,61,54,60,46,51,55,72,65,78,83,60,72,27,52,43,94,972,,"34.29657167,134.11258333"
148,37201,,香川県,高松市,4/1/2023,亀田町,1005,461,544,13,13,13,17,19,27,17,20,21,10,13,21,17,12,19,21,26,25,34,35,33,31,21,37,38,38,31,29,42,53,36,51,35,42,33,62,497,,"34.285716,134.113423"
149,37201,,香川県,高松市,4/1/2023,元山町,4882,2294,2588,142,152,92,119,66,81,93,87,109,142,191,214,203,191,165,161,178,140,167,166,118,141,118,126,86,118,138,138,179,231,119,129,67,97,63,155,2429,,"34.30697278,134.08946833"
150,37201,,香川県,高松市,4/1/2023,東山崎町,3930,1837,2093,60,64,71,65,63,57,66,91,108,106,118,98,90,91,106,114,96,105,151,158,129,127,103,107,108,92,116,138,156,211,131,144,89,148,76,177,2103,,"34.307488,134.096062"
151,37201,,香川県,高松市,4/1/2023,下田井町,1685,796,889,39,56,56,48,34,44,42,37,34,57,47,55,54,55,60,61,65,51,67,52,32,45,30,46,39,49,51,43,47,63,35,48,35,31,29,48,766,,"34.294003,134.093620"
152,37201,,香川県,高松市,4/1/2023,林町,8376,4220,4156,280,260,265,244,269,237,193,182,229,207,309,276,322,310,354,355,393,368,399,356,255,248,197,196,152,161,150,157,180,201,121,136,85,105,67,157,3822,,"34.30154806,134.07483389"
153,37201,,香川県,高松市,4/1/2023,六条町,3179,1542,1637,102,119,93,94,68,82,49,55,80,70,111,127,126,135,154,140,153,126,115,101,88,76,57,60,48,69,71,73,87,104,61,72,40,51,39,83,1400,,"34.298060,134.084288"
154,37201,,香川県,高松市,4/1/2023,上林町,3093,1540,1553,127,132,141,140,117,109,73,56,41,48,114,120,138,156,145,164,208,162,136,131,73,54,34,39,36,47,41,48,55,66,24,23,16,21,21,37,1234,,"34.289511,134.068008"
155,37201,,香川県,高松市,4/1/2023,三谷町,5435,2745,2690,200,173,206,192,242,149,117,118,109,74,116,100,184,188,236,234,256,264,226,203,129,114,89,115,113,99,124,137,158,171,78,117,84,94,78,148,2210,,"34.27771639,134.06947833"
156,37201,,香川県,高松市,4/1/2023,多肥下町,4476,2154,2322,135,108,106,120,136,120,123,138,104,121,107,103,115,145,147,162,180,186,235,229,177,195,135,146,105,100,104,99,95,112,64,73,46,63,40,102,1953,,"34.300681,134.056325"
157,37201,,香川県,高松市,4/1/2023,多肥上町,9030,4380,4650,300,294,331,350,356,282,290,251,170,164,177,198,294,342,351,354,381,419,400,405,279,249,159,165,158,181,160,207,217,267,145,167,115,141,97,214,3537,,"34.29044611,134.05146667"
158,37201,,香川県,高松市,4/1/2023,出作町,1606,771,835,55,52,56,61,46,39,40,39,25,27,21,22,54,57,77,74,60,56,55,60,45,38,35,38,36,46,34,50,57,51,31,36,20,35,24,54,665,,"34.286244,134.048392"
159,37201,,香川県,高松市,4/1/2023,仏生山町,8350,3988,4362,203,157,205,174,177,200,176,166,185,181,193,222,250,238,290,279,289,329,297,294,225,231,226,243,239,253,235,251,283,317,200,234,151,235,164,358,3957,,"34.27850556,134.04784528"
160,37201,,香川県,高松市,4/1/2023,三名町,1090,515,575,23,31,14,17,13,22,20,18,28,29,28,49,47,41,27,30,31,33,43,39,37,45,31,26,34,31,36,33,40,43,24,30,23,26,16,32,548,,"34.290409,134.035807"
161,37201,,香川県,高松市,4/1/2023,鹿角町,1784,866,918,31,20,31,23,24,32,34,39,62,58,50,37,52,41,52,44,46,45,71,64,49,60,48,51,60,69,61,59,63,91,50,58,35,50,47,77,873,,"34.300006,134.032315"
162,37201,,香川県,高松市,4/1/2023,成合町,3008,1440,1568,47,51,60,39,58,63,61,64,56,65,64,61,82,77,75,65,84,84,125,124,102,83,102,115,89,92,105,119,115,151,93,107,66,92,56,116,1441,,"34.299723,134.016132"
163,37201,,香川県,高松市,4/1/2023,一宮町,5114,2422,2692,94,119,119,118,123,105,120,122,130,110,117,123,146,131,149,150,154,165,204,209,138,140,114,150,140,145,146,176,195,227,127,154,100,158,106,190,2364,,"34.29067333,134.02893556"
164,37201,,香川県,高松市,4/1/2023,寺井町,4115,1891,2224,62,56,76,87,106,89,92,99,91,102,95,98,86,100,107,124,95,121,176,164,123,151,115,141,105,130,142,153,165,216,112,159,78,108,65,126,2056,,"34.278270,134.028749"
165,37201,,香川県,高松市,4/1/2023,川部町,2829,1384,1445,42,47,88,74,92,79,66,79,54,59,59,44,58,64,91,84,92,97,109,94,80,89,82,77,94,100,90,95,124,119,61,76,49,60,53,108,1174,,"34.26941694,134.00998778"
166,37201,,香川県,高松市,4/1/2023,岡本町,1683,803,880,29,28,30,36,44,38,36,32,33,23,31,35,31,44,40,48,62,47,63,53,46,48,39,44,57,55,58,76,76,83,45,61,41,43,42,86,760,,"34.268456,133.996809"
167,37201,,香川県,高松市,4/1/2023,円座町,8270,3960,4310,199,190,209,226,201,235,232,240,207,202,166,166,207,225,275,269,298,338,366,357,268,258,226,226,204,247,226,230,252,299,166,203,140,160,118,239,3529,,"34.28543722,134.00547111"
168,37201,,香川県,高松市,4/1/2023,西山崎町,2650,1291,1359,65,69,90,81,71,78,68,70,79,62,69,65,79,77,85,96,107,103,108,108,72,77,75,73,56,60,66,74,90,95,40,51,38,53,33,67,1033,,"34.280509,133.994486"
169,37201,,香川県,高松市,4/1/2023,檀紙町,3744,1816,1928,103,117,101,107,89,83,90,88,81,77,77,79,112,117,109,145,167,146,160,132,106,106,92,87,88,92,84,97,146,153,86,98,66,95,59,109,1594,,"34.304232,134.001237"
170,37201,,香川県,高松市,4/1/2023,御厩町,2744,1361,1383,68,55,85,67,89,78,86,67,66,45,52,49,70,82,81,93,119,113,129,109,81,81,58,57,65,71,69,92,101,118,58,74,51,64,33,68,1108,,"34.30092139,133.99466861"
171,37201,,香川県,高松市,4/1/2023,中間町,1862,906,956,63,59,71,80,62,70,44,36,45,28,24,35,54,67,91,72,71,77,84,86,48,38,35,36,39,42,47,45,51,67,30,36,23,30,24,52,707,,"34.291056,133.987947"
172,37201,,香川県,高松市,4/1/2023,郷東町,2674,1351,1323,52,35,39,37,43,37,48,34,96,69,128,87,101,83,81,69,96,77,114,98,83,86,83,77,73,79,74,83,97,137,58,91,44,76,41,68,1580,,"34.347931,134.015350"
173,37201,,香川県,高松市,4/1/2023,鶴市町,5111,2464,2647,98,114,107,108,134,113,163,157,156,159,128,131,139,160,147,154,187,176,244,234,184,193,153,146,138,155,126,145,149,177,82,109,77,104,52,112,2296,,"34.329246,134.005738"
174,37201,,香川県,高松市,4/1/2023,飯田町,2932,1468,1464,75,79,98,65,76,62,63,39,71,63,65,72,113,99,110,101,100,80,108,106,87,83,71,68,62,77,72,84,108,94,65,106,75,75,49,111,1322,,"34.318817,134.003780"
175,37201,,香川県,高松市,4/1/2023,鬼無町藤井,1258,621,637,29,26,31,34,45,37,26,25,32,26,30,29,37,32,46,45,47,46,51,47,49,43,30,29,28,30,34,35,47,47,14,36,31,32,14,38,554,,"34.32706,133.99330139"
176,37201,,香川県,高松市,4/1/2023,鬼無町是竹,961,471,490,16,18,23,17,18,15,22,15,23,31,28,16,24,26,32,21,26,28,41,44,38,33,19,23,28,26,31,39,39,45,32,32,17,24,14,37,450,,"34.339412,133.989882"
177,37201,,香川県,高松市,4/1/2023,鬼無町佐料,763,375,388,13,8,20,22,19,19,19,18,12,17,12,7,15,5,17,26,34,33,42,28,15,22,28,27,23,19,26,31,43,37,15,24,14,21,8,24,320,,"34.333680,133.988305"
178,37201,,香川県,高松市,4/1/2023,鬼無町佐藤,1061,524,537,21,21,30,27,25,29,34,28,25,19,23,19,30,27,35,36,38,28,44,51,29,32,28,18,31,40,37,43,37,26,23,34,16,14,18,45,451,,"34.327365,133.993302"
179,37201,,香川県,高松市,4/1/2023,鬼無町山口,419,217,202,5,3,10,6,10,6,8,6,11,7,15,4,9,3,4,8,11,8,22,21,14,23,15,9,9,11,22,22,18,16,19,20,9,11,6,18,185,,"34.323108,133.982819"
180,37201,,香川県,高松市,4/1/2023,鬼無町鬼無,1319,611,708,25,12,19,29,26,19,23,37,27,27,19,21,25,18,24,26,45,43,60,45,35,40,30,36,33,41,45,63,82,95,41,43,25,41,27,72,602,,"34.317337,133.988524"
181,37201,,香川県,高松市,4/1/2023,香西本町,2765,1330,1435,45,37,39,40,60,58,78,56,67,71,69,51,64,57,61,51,80,103,108,131,100,98,92,85,82,74,77,102,116,135,77,86,70,88,45,112,1353,,"34.34688556,133.99627528"
182,37201,,香川県,高松市,4/1/2023,香西東町,1784,878,906,23,21,30,14,23,22,22,28,52,52,63,50,54,48,47,30,54,43,49,68,68,81,66,60,72,60,61,81,92,86,41,57,41,52,20,53,954,,"34.341643,134.007066"
183,37201,,香川県,高松市,4/1/2023,香西南町,2823,1397,1426,66,76,74,64,84,70,70,87,78,76,67,58,99,88,89,87,118,99,123,117,89,93,63,77,76,89,85,80,83,101,67,57,32,50,34,57,1214,,"34.339104,134.000893"
184,37201,,香川県,高松市,4/1/2023,香西西町,947,466,481,19,12,17,11,29,15,22,24,24,17,20,19,25,23,18,16,23,32,31,33,30,35,24,24,30,20,32,35,44,52,32,45,22,32,24,36,434,,"34.346836,133.990088"
185,37201,,香川県,高松市,4/1/2023,香西北町,1946,978,968,35,40,38,31,51,52,65,45,54,37,58,35,48,48,68,65,65,65,84,74,64,66,62,49,52,49,51,61,58,72,49,57,43,66,33,56,887,,"34.355809,133.993476"
186,37201,,香川県,高松市,4/1/2023,神在川窪町,1195,605,590,16,13,21,22,23,22,27,29,24,25,26,19,31,19,35,17,43,43,51,34,33,34,36,37,35,39,46,44,72,56,32,46,27,35,27,56,569,,"34.362553,133.978749"
187,37201,,香川県,高松市,4/1/2023,植松町,523,253,270,13,8,9,9,10,7,11,11,19,12,13,9,16,19,12,14,19,11,12,24,12,15,16,16,18,22,21,24,20,24,9,14,11,11,12,20,268,,"34.350008,133.983191"
188,37201,,香川県,高松市,4/1/2023,中山町,1351,645,706,18,23,31,34,23,19,19,29,32,22,25,21,28,34,33,27,29,32,56,40,41,46,40,44,50,53,61,61,64,67,32,48,27,37,36,69,601,,"34.344795,133.967149"
189,37201,,香川県,高松市,4/1/2023,生島町,1224,573,651,16,18,26,24,25,28,27,33,23,12,20,18,15,26,28,29,43,45,51,42,28,35,33,38,28,40,46,60,72,78,44,39,24,33,24,53,541,,"34.359028,133.968806"
190,37201,,香川県,高松市,4/1/2023,亀水町,985,486,499,8,7,7,9,8,7,18,14,26,15,16,14,20,15,28,19,22,23,30,26,30,25,34,35,44,43,53,52,54,47,36,46,16,39,36,63,467,,"34.365762,133.946499"
191,37201,,香川県,高松市,4/1/2023,女木町,147,66,81,0,1,0,0,2,2,0,0,1,0,1,2,1,1,2,0,1,2,3,1,4,4,2,5,7,2,6,4,12,9,9,11,5,10,10,27,102,,"34.39210389,134.0517525"
192,37201,,香川県,高松市,4/1/2023,男木町,153,69,84,2,2,3,2,2,1,1,2,1,0,1,2,5,2,4,5,3,2,2,3,2,0,3,5,3,2,11,7,10,4,5,9,9,13,2,23,103,,"34.42212,134.05479"
193,37201,,香川県,高松市,4/1/2023,由良町,3612,1729,1883,61,66,84,65,61,61,74,82,95,110,91,83,92,94,100,101,120,120,152,125,120,147,120,131,114,125,114,124,138,143,76,108,72,96,45,102,1673,,"34.285778,134.085974"
194,37201,,香川県,高松市,4/1/2023,川島本町,1407,650,757,31,28,36,29,29,26,19,50,27,32,16,27,28,32,41,39,42,52,64,54,40,44,33,44,51,54,45,54,66,80,43,33,15,30,24,49,595,,"34.27649833,134.08546139"
195,37201,,香川県,高松市,4/1/2023,川島東町,4655,2229,2426,71,75,86,85,109,112,96,105,120,109,118,131,112,109,121,133,125,140,187,180,155,151,161,156,143,161,160,169,194,215,115,137,90,128,66,130,2042,,"34.269397,134.094320"
196,37201,,香川県,高松市,4/1/2023,小村町,1907,942,965,64,54,50,43,54,34,52,47,48,61,60,72,67,70,69,64,75,67,89,81,66,61,33,38,37,49,48,49,53,60,36,40,21,28,20,47,838,,"34.287608,134.100826"
197,37201,,香川県,高松市,4/1/2023,亀田南町,1664,793,871,15,14,24,25,32,32,45,41,45,46,37,42,35,40,29,27,45,61,73,73,60,63,48,53,47,52,63,71,79,92,56,55,31,43,29,41,762,,"34.279215,134.110655"
198,37201,,香川県,高松市,4/1/2023,十川西町,2850,1372,1478,54,55,74,73,102,95,132,121,71,76,56,47,57,76,81,88,124,139,156,159,102,108,62,76,72,65,63,74,76,84,41,52,25,36,24,54,1114,,"34.27361306,134.10510694"
199,37201,,香川県,高松市,4/1/2023,十川東町,2484,1225,1259,48,44,59,49,66,63,77,52,70,71,75,61,61,76,65,69,95,84,101,110,88,101,78,72,67,69,76,73,79,97,46,54,47,41,27,73,1071,,"34.260291,134.108001"
200,37201,,香川県,高松市,4/1/2023,池田町,863,435,428,8,9,13,11,16,12,19,11,18,9,18,15,21,14,17,15,23,20,33,35,25,15,26,35,39,27,39,48,48,47,32,28,14,31,26,46,387,,"34.259257,134.084161"
201,37201,,香川県,高松市,4/1/2023,東植田町,955,468,487,7,8,10,8,14,18,16,11,17,18,15,8,23,16,19,13,30,24,32,26,25,27,34,31,34,29,42,40,55,61,25,33,31,49,39,67,473,,"34.23821417,134.09904472"
202,37201,,香川県,高松市,4/1/2023,西植田町,1686,809,877,22,15,37,26,22,27,24,27,33,28,28,22,33,24,52,49,53,33,48,41,35,45,44,50,60,67,78,80,101,99,50,59,51,63,38,122,785,,"34.24028,134.07882694"
203,37201,,香川県,高松市,4/1/2023,菅沢町,67,36,31,0,0,0,0,0,0,0,0,0,0,2,2,1,1,2,0,0,0,1,0,6,3,3,0,3,3,4,2,1,1,5,4,2,2,6,13,36,,"34.195004,134.100679"
204,37201,,香川県,高松市,4/1/2023,塩江町上西甲,177,82,95,0,0,0,0,1,0,4,2,3,0,1,3,2,3,2,2,0,2,2,1,5,5,9,5,14,4,7,6,9,4,5,9,7,18,11,31,105,,"34.131543,134.079510"
205,37201,,香川県,高松市,4/1/2023,塩江町上西乙,147,63,84,2,2,1,1,1,0,2,0,2,3,4,1,4,4,0,2,0,2,4,3,8,6,0,3,5,7,9,6,7,10,4,8,5,12,5,14,87,,"34.15046528,134.07662167"
206,37201,,香川県,高松市,4/1/2023,塩江町安原上,328,160,168,0,0,1,1,2,8,4,8,4,2,6,0,4,3,9,3,2,2,8,10,13,8,15,8,16,24,19,12,15,10,11,16,7,24,24,29,162,,"34.183322,134.076337"
207,37201,,香川県,高松市,4/1/2023,塩江町安原上東,650,309,341,2,8,3,5,8,10,11,6,11,12,15,7,14,10,8,7,14,14,17,14,22,14,22,18,27,27,34,26,31,35,21,27,22,38,27,63,370,,"34.1697325,134.08280667"
208,37201,,香川県,高松市,4/1/2023,塩江町安原下,29,14,15,0,0,0,0,0,0,0,0,0,0,0,0,0,0,1,0,0,0,0,1,3,1,1,1,1,2,2,2,3,2,0,2,1,1,2,3,15,,"34.198271,134.083496"
209,37201,,香川県,高松市,4/1/2023,塩江町安原下第１号,453,221,232,8,6,10,6,11,12,12,9,10,9,3,4,10,8,4,4,13,10,18,16,18,16,5,10,16,14,19,16,21,21,13,17,11,21,19,33,206,,"34.197116,134.051628"
210,37201,,香川県,高松市,4/1/2023,塩江町安原下第２号,458,215,243,2,2,2,3,6,6,12,11,14,20,9,5,3,12,8,16,8,7,12,10,17,13,15,18,18,14,23,17,27,24,10,13,10,19,19,33,214,,"34.1963675,134.04155944"
211,37201,,香川県,高松市,4/1/2023,塩江町安原下第３号,172,89,83,2,1,3,2,3,2,7,5,10,1,1,2,2,1,2,4,7,3,3,6,4,6,3,7,9,3,4,5,9,5,5,10,8,9,7,11,83,,"34.199228,134.030943"
212,37201,,香川県,高松市,4/1/2023,香南町池内,835,429,406,8,5,13,13,13,15,31,14,36,17,19,13,14,19,25,19,21,18,25,30,28,18,26,27,32,38,35,25,52,58,18,23,20,20,13,34,374,,"34.250805,133.999862"
213,37201,,香川県,高松市,4/1/2023,香南町岡,719,342,377,8,7,13,12,19,19,12,14,10,10,10,5,13,16,22,22,14,18,30,25,19,11,16,27,23,28,34,41,43,41,17,22,18,22,21,37,291,,"34.224400,134.024178"
214,37201,,香川県,高松市,4/1/2023,香南町西庄,1616,826,790,11,9,17,12,41,32,43,30,55,43,38,19,41,20,36,29,58,52,67,63,66,50,45,45,65,60,69,75,78,88,47,60,27,43,22,60,761,,"34.237477,133.997769"
215,37201,,香川県,高松市,4/1/2023,香南町由佐,1902,949,953,33,34,34,47,57,42,47,46,67,34,38,28,42,37,58,53,53,68,89,72,48,54,53,48,49,54,68,60,95,101,60,60,31,51,27,64,843,,"34.24001194,134.01306889"
216,37201,,香川県,高松市,4/1/2023,香南町横井,1321,656,665,25,16,33,33,32,33,47,34,35,39,33,21,32,28,42,38,40,42,52,67,41,39,36,42,45,44,42,50,58,53,29,33,16,22,18,31,547,,"34.244891,134.009551"
217,37201,,香川県,高松市,4/1/2023,香南町吉光,768,396,372,6,10,14,13,12,11,26,19,23,8,12,6,15,12,28,23,22,16,28,28,26,24,21,22,32,32,35,29,42,33,22,30,14,24,18,32,329,,"34.253487,134.015848"
218,37201,,香川県,高松市,4/1/2023,香川町大野,7085,3460,3625,169,139,179,157,194,150,185,193,180,176,152,162,177,155,188,199,255,247,283,304,238,214,217,231,202,183,181,215,265,342,210,223,107,161,78,174,3046,,"34.26717583,134.02466444"
219,37201,,香川県,高松市,4/1/2023,香川町寺井,392,187,205,5,10,17,17,10,14,3,6,5,7,6,3,6,6,14,16,23,19,17,12,11,13,7,6,5,6,10,18,24,27,17,17,6,2,1,6,163,,"34.271898,134.030659"
220,37201,,香川県,高松市,4/1/2023,香川町浅野,8390,4068,4322,81,98,139,153,187,144,221,186,177,177,150,132,172,156,196,186,275,267,349,320,271,261,234,268,277,295,326,346,422,506,296,303,169,205,126,319,3801,,"34.25663833,134.03566639"
221,37201,,香川県,高松市,4/1/2023,香川町川内原,1003,496,507,13,12,19,20,18,10,26,14,17,21,14,15,25,17,23,27,37,26,30,33,33,29,26,34,36,32,42,46,59,63,37,25,16,19,25,64,442,,"34.230353,134.049718"
222,37201,,香川県,高松市,4/1/2023,香川町川東上,3395,1672,1723,32,28,39,39,65,47,67,61,91,77,65,59,85,55,75,68,86,91,106,94,107,110,117,117,120,128,141,177,204,231,125,123,78,87,69,131,1566,,"34.241488,134.034423"
223,37201,,香川県,高松市,4/1/2023,香川町川東下,2335,1120,1215,42,33,61,56,65,50,72,71,55,73,34,33,48,53,73,78,86,88,102,106,70,82,65,49,52,61,78,72,86,108,60,74,42,46,29,82,957,,"34.245866,134.028361"
224,37201,,香川県,高松市,4/1/2023,香川町東谷,226,106,120,2,4,1,0,0,3,3,1,0,3,2,1,2,5,2,3,3,3,6,3,4,2,9,7,9,10,19,6,11,17,7,8,13,16,13,28,116,,"34.20461444,134.06167694"
225,37201,,香川県,高松市,4/1/2023,香川町安原下第３号,190,88,102,1,1,1,2,4,3,0,0,5,6,5,2,6,5,4,4,5,2,1,5,6,3,5,6,8,9,12,14,8,8,7,11,5,5,5,16,98,,"34.206865,134.022758"
226,37201,,香川県,高松市,4/1/2023,香川町安原下第１号,27,15,12,0,0,0,0,1,0,0,0,1,2,2,0,3,1,0,1,0,1,1,0,0,1,2,1,1,1,1,0,0,0,0,0,0,1,3,3,15,,"34.208358,134.043528"
227,37201,,香川県,高松市,4/1/2023,国分寺町新居,7572,3697,3875,143,147,148,186,177,150,203,172,207,186,184,165,199,192,212,213,284,283,312,307,260,266,256,227,197,219,205,252,297,315,175,209,128,160,110,226,3346,,"34.30537556,133.96234361"
228,37201,,香川県,高松市,4/1/2023,国分寺町国分,4991,2428,2563,100,100,133,102,154,138,120,147,128,104,111,107,112,130,159,154,204,191,228,212,156,150,129,145,130,130,137,176,175,213,104,129,88,100,60,135,2102,,"34.310351,133.945421"
229,37201,,香川県,高松市,4/1/2023,国分寺町福家,5456,2663,2793,90,83,119,101,138,124,177,139,146,159,112,123,117,131,161,157,191,185,253,238,204,199,159,178,147,158,174,183,221,251,124,150,64,81,66,153,2247,,"34.28412861,133.96106694"
230,37201,,香川県,高松市,4/1/2023,国分寺町新名,4781,2313,2468,104,97,110,122,119,119,116,123,113,108,114,114,133,129,149,137,172,170,191,200,157,168,129,132,135,143,153,191,200,209,115,139,66,76,37,91,1986,,"34.283614,133.956386"
231,37201,,香川県,高松市,4/1/2023,国分寺町柏原,2152,1036,1116,30,32,55,43,46,48,70,51,71,63,53,47,53,49,46,37,51,53,82,100,79,99,76,79,55,63,54,81,98,107,49,79,37,43,31,42,947,,"34.287748,133.948888"
232,37201,,香川県,高松市,4/1/2023,庵治町,4866,2346,2520,39,37,63,60,74,68,100,85,81,99,78,81,87,90,110,85,121,97,189,182,164,146,147,157,181,164,215,204,268,298,156,207,125,184,148,276,2221,,"34.3840175,134.12656556"
233,37201,,香川県,高松市,4/1/2023,牟礼町牟礼,10411,4993,5418,193,165,233,252,269,241,266,243,238,213,200,181,211,219,282,304,333,326,443,433,352,350,300,326,281,315,337,377,428,522,278,352,197,261,152,338,4558,,"34.33783,134.13929"
234,37201,,香川県,高松市,4/1/2023,牟礼町大町,4949,2397,2552,72,67,115,88,122,118,145,109,121,108,104,98,98,92,106,141,180,161,167,170,155,176,149,165,173,186,186,216,204,227,132,159,88,110,80,161,2196,,"34.33608722,134.142685"
235,37201,,香川県,高松市,4/1/2023,牟礼町原,1812,874,938,31,30,24,38,42,23,33,31,33,35,28,43,36,33,44,39,60,50,51,60,70,63,55,49,66,56,58,74,91,96,55,75,46,56,51,87,847,,"34.323483,134.153506"
