#LINK,,,,,,,,,,,,,,,,,,,,,,,,,,,,,,,,,,,,,,,,,,,,,,,,
#lang,ja,,,,,,,,,,,,,,,,,,,,,,,,,,,,,,,,,,,,,,,,,,,,,,,
#attribution_name,高松市,,,,,,,,,,,,,,,,,,,,,,,,,,,,,,,,,,,,,,,,,,,,,,,
#license,http://creativecommons.org/licenses/by/3.0/deed.ja,,,,,,,,,,,,,,,,,,,,,,,,,,,,,,,,,,,,,,,,,,,,,,,
#file_name,0066,,,,,,,,,,,,,,,,,,,,,,,,,,,,,,,,,,,,,,,,,,,,,,,
#download_from,https://opendata.smartcity-takamatsu.jp/ckan/dataset/population,,,,,,,,,,,,,,,,,,,,,,,,,,,,,,,,,,,,,,,,,,,,,,,
#property,prefCode,regionCode,prefName,cityName,surveyDate,regionName,totalPopulation,male,woman,man1,woman1,man2,woman2,man3,woman3,man4,woman4,man5,woman5,man6,woman6,man7,woman7,man8,woman8,man9,woman9,man10,woman10,man11,woman11,man12,woman12,man13,woman13,man14,woman14,man15,woman15,man16,woman16,man17,woman17,man18,woman18,numberOfHouseholds,note,location
#object_type_xsd,string,string,string,string,string,string,string,string,string,string,string,string,string,string,string,string,string,string,string,string,string,string,string,string,string,string,string,string,string,string,string,string,string,string,string,string,string,string,string,string,string,string,string,string,string,string,string,string
#property_context,Assertion,Assertion,Assertion,Assertion,Assertion,Assertion,Assertion,Assertion,Assertion,Assertion,Assertion,Assertion,Assertion,Assertion,Assertion,Assertion,Assertion,Assertion,Assertion,Assertion,Assertion,Assertion,Assertion,Assertion,Assertion,Assertion,Assertion,Assertion,Assertion,Assertion,Assertion,Assertion,Assertion,Assertion,Assertion,Assertion,Assertion,Assertion,Assertion,Assertion,Assertion,Assertion,Assertion,Assertion,Assertion,Assertion,Assertion,Assertion
1,37201,,香川県,高松市,11/1/2021,塩屋町,220,102,118,3,4,3,2,6,2,2,2,3,4,7,7,2,4,5,5,11,6,13,10,9,16,11,7,6,8,4,7,9,11,3,5,1,11,4,7,134,,"34.342286,134.055021"
2,37201,,香川県,高松市,11/1/2021,築地町,657,302,355,9,11,10,6,6,9,12,6,11,16,21,17,6,12,18,20,25,18,18,30,29,28,25,18,18,32,25,22,29,34,19,24,8,22,13,30,386,,"34.341274,134.056839"
3,37201,,香川県,高松市,11/1/2021,塩上町,113,60,53,2,1,1,1,1,0,1,0,9,2,11,5,7,3,1,2,1,2,6,5,1,0,3,5,2,2,4,1,4,3,1,9,1,6,4,6,80,,"34.335876,134.052375"
4,37201,,香川県,高松市,11/1/2021,塩上町１丁目,213,110,103,1,2,0,3,2,0,3,3,4,3,7,5,9,4,7,2,9,1,8,4,10,11,6,5,5,3,4,10,12,10,10,11,8,9,5,17,147,,"34.338200,134.053646"
5,37201,,香川県,高松市,11/1/2021,塩上町２丁目,708,335,373,6,8,5,9,9,8,14,8,31,31,21,19,12,9,15,21,26,14,38,41,25,27,26,20,27,23,19,31,23,24,19,21,9,26,10,33,455,,"34.338544,134.055472"
6,37201,,香川県,高松市,11/1/2021,塩上町３丁目,624,306,318,11,10,12,11,15,10,11,9,16,12,17,17,15,11,22,17,20,24,27,28,21,18,20,16,14,14,19,29,29,26,17,25,10,18,10,23,358,,"34.339112,134.057533"
7,37201,,香川県,高松市,11/1/2021,八坂町,85,38,47,2,1,1,1,1,2,1,1,0,1,2,3,3,1,1,1,6,5,2,2,0,1,3,2,1,2,2,3,3,6,2,3,3,5,5,7,52,,"34.339782,134.053748"
8,37201,,香川県,高松市,11/1/2021,福田町,230,103,127,1,1,5,3,4,3,10,5,2,4,4,2,2,1,8,5,4,12,6,10,7,7,9,7,12,10,5,8,9,17,4,6,7,5,4,21,130,,"34.341477,134.053890"
9,37201,,香川県,高松市,11/1/2021,常磐町１丁目,122,54,68,2,2,3,2,1,5,2,1,3,3,2,3,0,2,5,7,3,2,7,8,5,3,5,5,5,6,1,2,6,5,2,3,1,2,1,7,64,,"34.338740,134.051256"
10,37201,,香川県,高松市,11/1/2021,常磐町２丁目,254,135,119,1,1,3,3,0,2,1,1,18,11,17,10,7,3,7,5,8,3,7,5,10,6,10,11,12,8,5,7,10,9,5,7,5,13,9,14,178,,"34.337613,134.051101"
11,37201,,香川県,高松市,11/1/2021,瓦町１丁目,186,96,90,1,0,2,2,5,3,3,2,3,3,5,5,2,6,5,1,3,3,8,9,10,2,9,6,6,4,5,5,10,12,7,7,9,7,3,13,127,,"34.341325,134.051585"
12,37201,,香川県,高松市,11/1/2021,瓦町２丁目,275,122,153,2,1,3,4,2,3,2,5,3,7,6,7,3,4,10,6,4,4,9,18,7,10,13,5,9,8,6,12,23,26,7,9,7,10,6,14,170,,"34.339954,134.051305"
13,37201,,香川県,高松市,11/1/2021,古馬場町,174,87,87,0,0,2,0,1,1,1,1,3,1,3,1,7,2,1,1,2,2,13,5,3,4,5,7,8,5,11,7,8,12,5,5,7,10,7,23,124,,"34.342517,134.051924"
14,37201,,香川県,高松市,11/1/2021,御坊町,125,63,62,0,2,3,1,2,1,6,1,3,0,2,4,1,1,4,1,2,4,8,6,3,5,6,5,4,1,2,4,6,7,4,5,0,10,7,4,61,,"34.343378,134.052548"
15,37201,,香川県,高松市,11/1/2021,今新町,125,61,64,1,0,2,1,1,1,1,0,3,2,3,1,2,2,1,1,3,3,8,3,8,5,3,4,2,3,2,5,8,9,2,5,2,4,9,15,81,,"34.343979,134.052660"
16,37201,,香川県,高松市,11/1/2021,大工町,164,82,82,1,1,1,0,3,0,0,2,5,3,1,0,6,3,4,2,10,1,5,6,6,9,7,4,5,9,8,10,5,7,5,9,5,6,5,10,111,,"34.344544,134.052793"
17,37201,,香川県,高松市,11/1/2021,百間町,272,136,136,4,2,2,5,2,5,9,5,9,1,4,3,8,4,5,8,11,14,15,10,11,12,14,12,3,6,10,6,11,6,9,16,2,4,7,17,175,,"34.345116,134.052861"
18,37201,,香川県,高松市,11/1/2021,片原町,285,132,153,1,2,8,2,2,6,4,2,3,3,3,3,6,4,6,5,7,8,11,10,5,15,14,10,13,13,13,11,10,19,10,9,7,10,9,21,165,,"34.345681,134.053043"
19,37201,,香川県,高松市,11/1/2021,鶴屋町,273,130,143,2,3,1,7,0,2,1,6,6,3,6,7,7,5,12,5,13,5,2,11,8,8,12,8,11,7,11,16,16,11,11,11,6,7,5,21,177,,"34.346738,134.055123"
20,37201,,香川県,高松市,11/1/2021,本町,454,233,221,4,2,2,0,2,2,2,3,34,34,20,24,17,11,6,7,8,5,18,13,15,12,23,11,17,17,20,12,12,21,11,14,12,15,10,18,334,,"34.348509,134.054779"
21,37201,,香川県,高松市,11/1/2021,北浜町,390,185,205,3,3,5,2,5,7,7,7,6,4,8,6,14,9,11,9,10,13,15,14,17,16,17,16,18,15,14,23,13,16,6,9,11,12,5,24,242,,"34.350584,134.055577"
22,37201,,香川県,高松市,11/1/2021,朝日町１丁目,17,11,6,1,0,0,0,0,0,0,0,2,0,5,4,1,0,0,0,1,1,0,0,0,0,0,0,0,0,0,0,1,0,0,0,0,0,0,1,15,,"34.349551,134.062394"
23,37201,,香川県,高松市,11/1/2021,朝日町２丁目,318,170,148,3,2,2,4,3,8,9,4,34,5,20,4,10,4,10,5,9,7,11,6,4,8,8,11,5,4,10,9,10,10,6,20,9,17,7,20,202,,"34.349476,134.065023"
24,37201,,香川県,高松市,11/1/2021,朝日町３丁目,12,9,3,0,0,1,0,0,0,1,0,1,0,0,0,0,0,0,0,1,1,1,0,0,0,1,0,1,0,0,0,0,0,1,0,0,2,1,0,8,,"34.349433,134.067854"
25,37201,,香川県,高松市,11/1/2021,朝日町４丁目,0,0,0,0,0,0,0,0,0,0,0,0,0,0,0,0,0,0,0,0,0,0,0,0,0,0,0,0,0,0,0,0,0,0,0,0,0,0,0,-,,"34.355141,134.063999"
26,37201,,香川県,高松市,11/1/2021,朝日町５丁目,25,25,0,0,0,0,0,0,0,0,0,1,0,10,0,12,0,0,0,0,0,1,0,0,0,1,0,0,0,0,0,0,0,0,0,0,0,0,0,25,,"34.350713,134.074847"
27,37201,,香川県,高松市,11/1/2021,朝日町６丁目,0,0,0,0,0,0,0,0,0,0,0,0,0,0,0,0,0,0,0,0,0,0,0,0,0,0,0,0,0,0,0,0,0,0,0,0,0,0,0,-,,"34.358639,134.077278"
28,37201,,香川県,高松市,11/1/2021,東浜町１丁目,85,43,42,1,1,1,0,0,1,0,2,4,6,4,5,2,2,3,0,1,2,4,1,3,1,4,5,1,0,1,2,2,3,3,4,5,3,4,4,62,,"34.345672,134.057062"
29,37201,,香川県,高松市,11/1/2021,城東町１丁目,168,81,87,0,0,1,1,0,3,1,2,7,5,5,5,8,3,4,2,5,6,8,4,7,6,1,4,5,6,4,9,9,8,6,7,5,4,5,12,120,,"34.34741472,134.05595611"
30,37201,,香川県,高松市,11/1/2021,城東町２丁目,118,63,55,1,0,0,1,1,3,1,2,4,2,1,2,1,1,5,1,1,1,5,6,8,7,6,1,1,1,9,3,6,3,3,4,2,6,8,11,74,,"34.349670,134.058749"
31,37201,,香川県,高松市,11/1/2021,朝日新町,7,4,3,0,0,0,0,0,1,0,0,0,0,0,0,0,0,2,0,0,1,1,0,0,0,0,0,0,0,0,0,1,1,0,0,0,0,0,0,4,,"34.360121,134.067116"
32,37201,,香川県,高松市,11/1/2021,通町,68,23,45,0,0,0,1,1,1,0,1,1,0,4,1,0,0,0,2,0,5,3,0,3,2,0,3,3,3,0,2,3,4,1,4,3,4,1,12,36,,"34.345184,134.055567"
33,37201,,香川県,高松市,11/1/2021,井口町,193,100,93,2,0,4,3,2,2,2,2,16,1,7,3,4,6,8,5,6,8,9,5,14,10,5,2,5,4,4,5,3,8,4,10,1,8,4,11,134,,"34.345031,134.057334"
34,37201,,香川県,高松市,11/1/2021,末広町,396,186,210,5,2,8,7,10,7,6,5,7,8,6,9,7,5,15,15,16,20,15,19,11,15,11,15,16,11,11,15,16,19,11,9,4,9,11,20,223,,"34.344064,134.057235"
35,37201,,香川県,高松市,11/1/2021,福岡町１丁目,393,202,191,6,6,11,7,8,8,3,10,7,8,8,6,9,5,12,9,16,15,16,17,19,19,9,8,13,14,17,15,27,17,9,12,7,8,5,7,219,,"34.346039,134.061190"
36,37201,,香川県,高松市,11/1/2021,福岡町２丁目,1071,510,561,8,11,21,16,26,31,17,13,35,37,34,22,25,23,27,26,31,28,31,36,49,41,37,40,41,40,33,32,32,51,26,32,16,27,21,55,621,,"34.345368,134.066160"
37,37201,,香川県,高松市,11/1/2021,福岡町３丁目,913,452,461,11,16,12,12,11,16,13,19,24,11,30,22,24,19,27,21,26,27,22,33,48,28,33,31,22,29,36,36,41,42,27,31,23,24,22,44,524,,"34.344806,134.072319"
38,37201,,香川県,高松市,11/1/2021,福岡町４丁目,967,455,512,9,8,24,13,16,15,16,26,27,39,35,20,12,10,24,19,35,26,46,35,21,35,34,24,20,36,40,24,30,54,25,32,17,26,24,70,586,,"34.341421,134.070862"
39,37201,,香川県,高松市,11/1/2021,松福町１丁目,1014,495,519,38,27,22,20,15,18,19,17,18,22,16,11,30,35,40,45,38,34,35,35,35,37,31,29,23,28,25,30,40,30,23,33,17,24,30,44,544,,"34.343128,134.060694"
40,37201,,香川県,高松市,11/1/2021,松福町２丁目,812,431,381,10,10,12,17,20,12,17,14,29,21,26,16,23,13,19,19,33,23,40,34,34,39,37,22,18,17,28,24,36,25,12,21,16,20,21,34,481,,"34.34023306,134.06504944"
41,37201,,香川県,高松市,11/1/2021,松島町,145,61,84,1,1,3,1,1,2,3,2,0,2,3,2,0,3,6,2,0,2,10,3,3,5,3,4,3,5,7,12,5,9,6,8,6,7,1,14,85,,"34.333470,134.068614"
42,37201,,香川県,高松市,11/1/2021,松島町１丁目,594,299,295,15,11,13,18,15,7,10,10,10,10,21,18,23,17,19,19,20,24,26,19,10,14,20,23,26,24,16,13,21,20,9,17,13,10,12,21,318,,"34.339806,134.060189"
43,37201,,香川県,高松市,11/1/2021,松島町２丁目,934,438,496,19,17,19,13,25,19,23,19,31,27,17,31,24,28,28,22,34,31,33,43,34,36,26,35,25,24,25,26,25,40,21,27,13,19,16,39,510,,"34.338820,134.064936"
44,37201,,香川県,高松市,11/1/2021,松島町３丁目,1359,644,715,23,23,34,27,29,36,19,12,15,25,36,38,40,34,43,44,51,37,55,48,44,41,44,48,43,51,42,40,50,47,22,42,20,51,34,71,678,,"34.069518,134.069518"
45,37201,,香川県,高松市,11/1/2021,多賀町１丁目,231,105,126,0,4,1,2,2,1,2,2,3,2,5,6,4,6,10,9,4,5,6,3,5,6,5,11,11,9,13,11,14,10,3,9,9,8,8,22,129,,"34.336773,134.057996"
46,37201,,香川県,高松市,11/1/2021,多賀町２丁目,666,339,327,15,11,13,9,19,10,15,12,10,11,26,18,27,25,22,25,18,24,22,32,28,27,26,19,26,13,12,17,32,18,9,17,10,16,9,23,350,,"34.336662,134.060073"
47,37201,,香川県,高松市,11/1/2021,多賀町３丁目,759,354,405,5,8,13,7,13,14,19,21,13,17,18,15,10,14,26,25,13,19,34,22,25,30,26,27,23,33,32,27,32,32,20,28,16,17,16,49,413,,"34.336576,134.063243"
48,37201,,香川県,高松市,11/1/2021,花園町１丁目,612,286,326,8,13,8,12,9,5,11,15,13,11,13,6,18,14,11,19,15,14,27,23,20,15,27,20,25,18,18,23,21,28,16,19,12,18,14,53,357,,"34.334696,134.057838"
49,37201,,香川県,高松市,11/1/2021,花園町２丁目,325,152,173,3,4,3,8,7,7,14,12,9,7,7,3,5,0,12,5,12,10,9,11,11,13,9,5,9,9,9,17,13,15,10,18,7,10,3,19,176,,"34.333573,134.057331"
50,37201,,香川県,高松市,11/1/2021,花園町３丁目,527,235,292,4,7,10,16,15,12,16,18,15,9,13,6,14,7,14,16,16,22,22,24,21,15,11,20,17,17,12,17,11,18,6,23,10,15,8,30,274,,"34.332627,134.056915"
51,37201,,香川県,高松市,11/1/2021,観光通１丁目,215,109,106,4,5,4,6,2,0,0,0,6,6,3,4,9,6,12,7,11,9,8,13,9,6,10,7,8,7,6,8,8,6,3,3,2,2,4,11,134,,"34.336699,134.051633"
52,37201,,香川県,高松市,11/1/2021,観光通２丁目,114,63,51,0,0,1,1,3,0,0,2,3,5,4,8,6,2,1,2,6,1,6,5,5,1,10,4,4,5,1,3,4,2,6,3,1,5,2,2,83,,"34.33607972,134.05686194"
53,37201,,香川県,高松市,11/1/2021,田町,333,163,170,1,2,0,3,1,2,3,4,13,7,8,2,7,5,10,5,12,10,9,8,10,13,14,13,11,10,20,12,18,22,8,12,8,11,10,29,226,,"34.337159,134.048833"
54,37201,,香川県,高松市,11/1/2021,東田町,180,83,97,1,2,0,0,0,0,3,1,5,6,5,3,8,4,5,4,4,2,4,3,3,3,4,9,7,10,10,5,8,11,5,8,2,5,9,21,125,,"34.335767,134.049814"
55,37201,,香川県,高松市,11/1/2021,藤塚町,27,9,18,0,0,0,0,1,2,0,0,0,0,0,0,0,0,0,1,0,1,1,0,1,2,0,1,1,2,1,0,1,3,3,2,0,0,0,4,16,,"34.335085,134.050291"
56,37201,,香川県,高松市,11/1/2021,藤塚町１丁目,832,386,446,12,10,11,9,15,8,21,8,9,27,15,20,18,23,20,20,24,29,33,28,38,28,28,44,22,24,26,37,48,41,21,32,11,20,14,38,515,,"34.333899,134.048021"
57,37201,,香川県,高松市,11/1/2021,藤塚町２丁目,959,436,523,14,12,19,17,20,30,20,17,19,27,20,14,17,19,14,26,28,34,45,43,36,35,24,25,40,29,33,25,31,57,22,47,26,27,8,39,575,,"34.333809,134.050570"
58,37201,,香川県,高松市,11/1/2021,藤塚町３丁目,503,250,253,6,4,6,6,7,6,5,4,12,11,23,14,14,10,11,6,19,11,18,17,12,19,22,18,17,12,16,21,21,24,13,17,9,18,19,35,302,,"34.334006,134.053063"
59,37201,,香川県,高松市,11/1/2021,栗林町１丁目,1130,533,597,16,20,18,16,22,24,42,30,35,42,28,17,25,18,20,27,31,35,39,55,62,74,41,38,48,36,29,27,36,52,21,24,7,25,13,37,573,,"34.329256,134.046228"
60,37201,,香川県,高松市,11/1/2021,栗林町２丁目,1278,591,687,20,14,33,36,39,23,26,37,31,31,22,28,13,18,39,47,47,46,47,58,51,60,37,46,43,46,40,35,45,56,20,25,20,29,18,52,660,,"34.330885,134.049506"
61,37201,,香川県,高松市,11/1/2021,栗林町３丁目,616,285,331,8,7,8,14,16,12,21,14,9,11,21,8,5,8,17,18,20,23,22,23,21,19,20,28,19,27,19,22,23,29,14,18,11,20,11,30,311,,"34.32881028,134.04804333"
62,37201,,香川県,高松市,11/1/2021,桜町１丁目,2114,992,1122,41,48,74,74,64,68,66,74,44,49,33,33,25,37,55,64,77,85,102,110,97,108,60,72,66,68,52,50,68,62,26,47,20,37,22,36,899,,"34.330565,134.052794"
63,37201,,香川県,高松市,11/1/2021,桜町２丁目,1463,676,787,25,25,49,57,50,56,53,62,34,34,23,26,28,23,40,55,58,60,59,88,60,71,46,65,48,47,43,27,26,38,10,14,12,16,12,23,575,,"34.326819,134.053219"
64,37201,,香川県,高松市,11/1/2021,楠上町１丁目,1250,597,653,31,41,49,48,43,24,17,25,24,27,22,28,34,36,41,42,52,53,49,48,42,47,36,31,38,59,42,32,27,30,16,23,11,25,23,34,538,,"34.331241,134.057056"
65,37201,,香川県,高松市,11/1/2021,楠上町２丁目,1098,538,560,26,17,35,38,52,57,38,44,31,28,18,19,28,16,21,33,56,65,69,75,60,51,36,28,29,28,18,18,8,16,7,9,2,5,4,13,435,,"34.329389,134.056040"
66,37201,,香川県,高松市,11/1/2021,花ノ宮町１丁目,660,318,342,7,11,12,14,22,12,17,22,13,17,9,10,22,18,22,13,23,20,33,38,30,23,28,27,24,27,14,17,12,23,11,12,5,17,14,21,338,,"34.326569,134.048473"
67,37201,,香川県,高松市,11/1/2021,花ノ宮町２丁目,846,414,432,9,18,24,19,21,19,15,23,28,20,23,22,33,28,31,19,23,30,41,36,32,33,30,19,20,29,24,22,27,29,12,26,12,15,9,25,425,,"34.324017,134.048590"
68,37201,,香川県,高松市,11/1/2021,花ノ宮町３丁目,420,188,232,10,10,5,11,10,13,9,7,6,22,8,6,6,11,14,14,15,13,17,20,11,21,18,11,14,10,15,18,12,9,6,9,5,10,7,17,202,,"34.324465,134.046077"
69,37201,,香川県,高松市,11/1/2021,上之町１丁目,711,323,388,10,10,15,14,17,14,14,13,15,24,16,18,8,14,13,20,21,27,29,38,40,40,29,32,23,31,29,20,20,20,9,11,7,15,8,27,334,,"34.321010,134.045014"
70,37201,,香川県,高松市,11/1/2021,上之町２丁目,868,419,449,12,15,20,15,17,27,19,18,24,14,27,18,26,27,32,19,25,30,28,32,30,31,24,23,21,30,25,29,32,39,31,32,11,17,15,33,457,,"34.320445,134.048077"
71,37201,,香川県,高松市,11/1/2021,上之町３丁目,875,437,438,7,14,25,25,28,27,28,24,16,17,25,18,20,23,30,21,40,37,42,51,39,42,34,28,21,24,18,23,28,21,7,9,13,15,16,19,417,,"34.322929,134.051347"
72,37201,,香川県,高松市,11/1/2021,旅篭町,32,18,14,1,0,0,0,0,0,0,0,1,1,2,2,3,1,1,1,2,1,2,0,1,2,2,1,1,0,0,1,1,3,0,1,1,0,0,0,23,,"34.335559,134.047528"
73,37201,,香川県,高松市,11/1/2021,中新町,356,169,187,2,1,5,2,8,11,8,7,8,8,9,8,12,8,8,9,8,6,13,11,8,22,15,18,22,15,12,10,12,18,2,6,6,8,11,19,207,,"34.337041,134.047660"
74,37201,,香川県,高松市,11/1/2021,天神前,590,271,319,9,7,19,23,12,12,10,12,11,11,12,10,11,5,18,14,18,26,31,45,23,23,17,22,25,16,12,10,19,30,8,14,8,13,8,26,297,,"34.338991,134.045795"
75,37201,,香川県,高松市,11/1/2021,中央町,1216,598,618,12,13,21,20,30,28,36,25,45,47,53,42,21,20,28,26,40,37,58,52,51,48,42,48,40,37,24,38,38,42,26,25,12,31,21,39,685,,"34.336395,134.045082"
76,37201,,香川県,高松市,11/1/2021,中野町,1273,618,655,19,9,29,19,34,15,23,20,40,43,39,27,14,15,34,33,36,47,40,61,53,42,36,40,37,47,52,41,53,49,23,29,26,38,30,80,733,,"34.333850,134.044116"
77,37201,,香川県,高松市,11/1/2021,亀岡町,506,248,258,10,5,13,3,9,10,9,10,16,9,17,13,15,8,16,10,13,14,17,17,12,12,19,21,18,16,9,12,13,27,13,13,9,30,20,28,287,,"34.337080,134.041227"
78,37201,,香川県,高松市,11/1/2021,番町１丁目,243,112,131,6,4,6,5,5,5,2,4,5,1,6,6,3,6,8,3,3,8,10,11,8,9,3,6,10,10,10,11,6,14,7,13,6,5,8,10,117,,"34.343092,134.046553"
79,37201,,香川県,高松市,11/1/2021,番町２丁目,351,173,178,3,5,4,5,7,3,6,6,10,6,12,10,7,4,10,4,9,11,10,10,13,12,14,17,18,10,12,14,12,15,9,6,4,11,13,29,199,,"34.34355083,134.04488778"
80,37201,,香川県,高松市,11/1/2021,番町３丁目,611,293,318,9,7,12,16,16,17,21,22,18,13,11,9,8,7,7,13,18,24,32,27,15,18,29,24,20,18,19,16,22,24,17,17,10,13,9,33,284,,"34.342400,134.041726"
81,37201,,香川県,高松市,11/1/2021,番町４丁目,519,259,260,7,9,15,13,15,8,7,12,17,18,20,9,14,7,13,9,23,27,18,19,24,19,15,17,12,10,16,22,18,20,10,10,6,10,9,21,268,,"34.340780,134.041285"
82,37201,,香川県,高松市,11/1/2021,番町５丁目,502,236,266,5,8,13,11,18,13,15,17,13,15,7,10,7,8,14,10,10,15,24,24,26,36,16,18,16,14,14,14,15,21,11,12,9,11,3,9,232,,"34.339285,134.040978"
83,37201,,香川県,高松市,11/1/2021,紫雲町,220,112,108,6,5,5,6,3,5,11,4,9,5,2,5,10,5,4,7,8,15,9,8,3,5,8,6,7,4,8,5,6,7,3,5,5,3,5,8,131,,"34.341121,134.033606"
84,37201,,香川県,高松市,11/1/2021,新北町,1443,731,712,17,24,23,16,30,24,36,28,34,46,40,34,32,33,49,38,59,43,59,48,69,53,54,46,42,33,46,46,61,62,31,52,29,37,20,49,814,,"34.352815,134.025363"
85,37201,,香川県,高松市,11/1/2021,宮脇町１丁目,1800,838,962,27,30,46,28,38,22,54,35,60,52,36,42,28,49,40,55,55,59,53,70,63,66,65,62,51,51,55,57,55,83,48,57,27,44,37,100,926,,"34.33958444,134.03529167"
86,37201,,香川県,高松市,11/1/2021,宮脇町２丁目,2072,997,1075,26,20,38,30,37,40,56,55,77,50,52,32,40,37,43,44,69,54,62,69,57,75,75,56,64,66,57,60,93,117,60,71,32,63,59,136,1181,,"34.333101,134.035803"
87,37201,,香川県,高松市,11/1/2021,西宝町１丁目,1169,537,632,16,17,13,15,21,25,31,36,39,29,30,26,24,28,30,23,26,38,51,47,45,44,41,46,38,52,34,35,42,45,19,37,23,44,14,45,650,,"34.343417,134.028386"
88,37201,,香川県,高松市,11/1/2021,西宝町２丁目,925,466,459,10,10,13,12,24,16,19,28,35,20,19,11,27,18,22,23,40,19,39,31,38,36,48,34,36,36,28,31,34,37,16,25,7,28,11,44,530,,"34.338427,134.026970"
89,37201,,香川県,高松市,11/1/2021,西宝町３丁目,387,194,193,4,7,5,9,10,3,6,14,14,9,8,5,12,8,10,8,13,11,11,13,15,20,14,8,13,17,19,17,18,7,5,15,8,9,9,13,199,,"34.344151,134.023055"
90,37201,,香川県,高松市,11/1/2021,茜町,1604,802,802,34,17,33,19,35,31,46,30,57,37,39,42,46,47,42,45,43,47,47,66,58,72,73,64,55,61,55,70,61,59,37,41,20,26,21,28,823,,"34.349525,134.025150"
91,37201,,香川県,高松市,11/1/2021,西町,1005,487,518,11,16,20,25,25,19,23,24,36,38,22,19,27,17,33,32,28,37,53,52,42,42,31,34,26,21,25,37,41,43,23,30,8,14,13,18,509,,"34.346330,134.024326"
92,37201,,香川県,高松市,11/1/2021,瀬戸内町,956,491,465,6,4,11,8,17,11,14,19,25,10,22,19,19,14,24,11,29,21,36,26,28,30,36,22,38,38,49,47,55,59,38,49,23,27,21,50,576,,"34.34758361,134.03246917"
93,37201,,香川県,高松市,11/1/2021,扇町１丁目,1307,633,674,8,12,18,22,25,18,18,24,37,36,25,17,17,16,32,29,41,33,49,38,34,51,36,22,49,37,60,60,76,80,47,48,33,60,28,71,739,,"34.346558,134.036476"
94,37201,,香川県,高松市,11/1/2021,扇町２丁目,473,222,251,2,7,3,5,13,8,10,12,18,25,19,16,14,12,10,10,8,11,16,14,13,9,17,15,14,17,15,21,21,20,14,7,4,17,11,25,283,,"34.34451944,134.03656833"
95,37201,,香川県,高松市,11/1/2021,扇町３丁目,466,226,240,0,2,0,1,2,8,5,6,19,11,11,8,17,7,7,8,12,6,13,13,15,19,18,16,17,18,20,14,28,38,14,15,13,22,15,28,307,,"34.345819,134.031498"
96,37201,,香川県,高松市,11/1/2021,昭和町１丁目,1114,514,600,18,25,43,38,30,43,23,40,29,42,27,16,24,20,39,42,35,42,42,46,46,62,45,45,43,33,21,24,22,16,7,18,9,17,11,31,515,,"34.343234,134.033872"
97,37201,,香川県,高松市,11/1/2021,昭和町２丁目,614,282,332,22,23,20,23,14,19,10,5,13,8,8,11,16,22,28,36,37,32,21,29,20,16,17,14,11,19,9,17,16,17,9,14,5,8,6,19,289,,"34.343324,134.031092"
98,37201,,香川県,高松市,11/1/2021,サンポート,0,0,0,0,0,0,0,0,0,0,0,0,0,0,0,0,0,0,0,0,0,0,0,0,0,0,0,0,0,0,0,0,0,0,0,0,0,0,0,-,,"34.353730,134.046918"
99,37201,,香川県,高松市,11/1/2021,幸町,16,0,16,0,0,0,0,0,0,0,8,0,8,0,0,0,0,0,0,0,0,0,0,0,0,0,0,0,0,0,0,0,0,0,0,0,0,0,0,16,,"34.341525,134.036836"
100,37201,,香川県,高松市,11/1/2021,錦町１丁目,1761,852,909,22,28,43,52,52,57,43,42,42,24,46,25,28,39,61,54,70,83,92,101,84,83,64,68,52,53,43,53,44,43,33,36,16,23,17,45,876,,"34.347405,134.044821"
101,37201,,香川県,高松市,11/1/2021,錦町２丁目,1187,587,600,18,14,23,22,29,23,28,20,28,31,33,23,39,27,24,24,33,38,50,44,58,50,39,44,37,32,33,49,48,53,21,30,20,32,26,44,617,,"34.347162,134.041733"
102,37201,,香川県,高松市,11/1/2021,浜ノ町,4277,2036,2241,64,58,95,77,71,77,83,65,71,56,61,60,95,89,110,112,100,116,169,161,151,189,148,176,165,165,174,156,188,223,115,158,96,132,80,171,2221,,"34.351222,134.040597"
103,37201,,香川県,高松市,11/1/2021,玉藻町,22,7,15,1,0,0,0,0,1,0,1,0,1,0,2,2,1,1,0,1,2,0,0,1,1,0,1,1,0,0,1,0,2,0,0,0,1,0,1,15,,"34.350113,134.052514"
104,37201,,香川県,高松市,11/1/2021,丸の内,566,266,300,14,9,6,5,5,4,6,6,13,7,24,5,10,15,15,12,14,18,19,18,23,29,24,29,18,18,19,29,19,25,11,16,10,22,16,33,328,,"34.347668,134.051565"
105,37201,,香川県,高松市,11/1/2021,内町,120,64,56,1,1,2,0,0,2,1,0,0,0,2,1,3,3,4,2,6,3,7,3,5,2,5,2,4,3,7,8,11,11,1,3,2,5,3,7,85,,"34.346491,134.051892"
106,37201,,香川県,高松市,11/1/2021,寿町１丁目,94,47,47,4,2,3,3,2,1,1,1,1,3,1,2,1,2,6,4,6,7,4,6,4,2,5,3,3,3,4,3,1,2,0,1,1,0,0,2,46,,"34.349920,134.048873"
107,37201,,香川県,高松市,11/1/2021,寿町２丁目,11,8,3,0,0,0,0,0,0,0,0,2,0,0,0,0,0,1,0,0,0,0,1,3,0,0,0,0,0,0,0,0,0,0,0,2,2,0,0,10,,"34.347616,134.048446"
108,37201,,香川県,高松市,11/1/2021,西の丸町,144,85,59,2,0,0,0,3,3,2,3,13,5,2,1,2,2,3,2,1,2,11,5,8,1,6,6,5,2,5,3,8,2,4,7,1,8,9,7,100,,"34.349388,134.047371"
109,37201,,香川県,高松市,11/1/2021,西内町,254,120,134,1,1,4,2,1,1,1,3,10,3,18,5,9,11,6,3,3,10,7,5,6,4,6,13,8,7,8,10,9,17,11,10,5,14,7,15,160,,"34.347715,134.047040"
110,37201,,香川県,高松市,11/1/2021,兵庫町,236,110,126,3,2,6,2,1,4,4,2,5,3,2,0,7,7,4,7,4,7,8,10,12,12,5,5,7,7,11,11,10,15,10,11,5,6,6,15,133,,"34.346390,134.048060"
111,37201,,香川県,高松市,11/1/2021,古新町,275,128,147,9,7,3,7,2,5,9,4,8,4,8,7,11,6,11,9,11,9,9,7,10,12,6,15,9,12,4,6,10,9,4,3,1,7,3,18,159,,"34.345778,134.047879"
112,37201,,香川県,高松市,11/1/2021,磨屋町,116,62,54,2,0,3,0,1,2,3,4,2,3,7,3,5,1,7,4,4,2,7,6,5,4,3,4,0,2,3,1,5,5,2,3,0,3,3,7,65,,"34.345221,134.047695"
113,37201,,香川県,高松市,11/1/2021,紺屋町,284,127,157,14,8,15,11,8,10,2,0,2,1,2,3,1,2,10,19,17,21,11,13,6,8,9,8,7,9,7,11,5,8,3,7,1,9,7,9,137,,"34.344749,134.047834"
114,37201,,香川県,高松市,11/1/2021,鍛冶屋町,67,36,31,1,1,2,1,1,0,2,0,1,0,2,0,2,4,3,2,2,1,2,0,2,1,0,2,2,2,3,0,6,5,2,1,0,2,3,9,44,,"34.342989,134.048753"
115,37201,,香川県,高松市,11/1/2021,丸亀町,309,137,172,5,1,2,3,7,9,1,3,4,2,2,5,7,2,2,3,6,11,17,13,7,14,10,7,12,19,13,19,19,16,13,15,7,7,3,23,180,,"34.343904,134.050055"
116,37201,,香川県,高松市,11/1/2021,南新町,88,39,49,0,1,0,0,1,2,0,2,0,1,1,1,2,1,1,0,1,0,3,4,5,4,2,5,3,3,2,4,7,7,2,4,4,4,5,6,49,,"34.340286,134.049336"
117,37201,,香川県,高松市,11/1/2021,亀井町,142,68,74,0,2,1,1,3,3,1,4,8,2,4,1,3,4,2,3,1,1,5,6,8,5,6,3,4,8,5,6,6,9,4,5,3,3,4,8,87,,"34.340240,134.048257"
118,37201,,香川県,高松市,11/1/2021,観光町,879,417,462,13,10,14,11,16,15,13,15,23,20,23,14,17,15,27,27,23,35,33,30,44,31,25,27,29,28,29,33,30,54,25,31,18,27,15,39,490,,"34.334899,134.063829"
119,37201,,香川県,高松市,11/1/2021,上福岡町,3398,1593,1805,68,58,66,62,65,60,55,51,83,83,100,102,107,109,110,121,108,96,123,135,121,124,88,101,97,95,95,90,111,149,61,94,61,95,74,180,1796,,"34.329947,134.064172"
120,37201,,香川県,高松市,11/1/2021,峰山町,151,70,81,2,2,5,6,1,4,3,5,1,8,1,1,2,0,2,2,5,6,5,9,10,8,4,3,3,2,4,7,14,8,3,3,2,4,3,3,66,,"34.330569,134.026914"
121,37201,,香川県,高松市,11/1/2021,室町,426,200,226,7,9,10,6,9,11,6,7,13,3,6,10,15,11,10,11,10,16,14,17,16,13,9,11,9,17,17,14,20,14,9,14,8,15,12,27,233,,"34.325735,134.042589"
122,37201,,香川県,高松市,11/1/2021,室新町,1250,591,659,24,18,43,49,46,50,38,37,25,28,18,9,17,20,32,52,50,56,67,74,60,47,35,46,36,37,30,32,25,33,21,23,11,18,13,30,533,,"34.326377,134.035941"
123,37201,,香川県,高松市,11/1/2021,東ハゼ町,637,315,322,7,3,2,5,0,3,8,5,26,14,28,23,21,8,15,11,19,14,27,21,23,18,17,14,20,21,17,25,32,36,17,39,17,22,19,40,433,,"34.320628,134.041020"
124,37201,,香川県,高松市,11/1/2021,西ハゼ町,672,332,340,10,9,6,2,1,2,7,4,13,16,23,11,19,22,23,21,19,24,28,9,24,19,14,22,23,28,28,28,38,27,18,35,16,21,22,40,421,,"34.320541,134.034917"
125,37201,,香川県,高松市,11/1/2021,紙町,908,453,455,5,10,5,6,6,3,5,11,25,29,35,26,36,15,25,23,26,21,40,14,39,30,32,30,32,27,31,27,46,46,20,41,29,39,16,57,644,,"34.316971,134.034923"
126,37201,,香川県,高松市,11/1/2021,松並町,747,360,387,4,2,3,2,7,9,12,8,20,15,19,15,24,12,20,13,14,12,19,23,30,24,20,26,23,20,25,29,44,39,28,45,22,36,26,57,447,,"34.317415,134.027099"
127,37201,,香川県,高松市,11/1/2021,西春日町,1398,651,747,14,8,11,8,17,17,23,19,26,26,26,21,20,28,29,14,29,27,40,41,50,40,57,68,41,47,53,50,85,112,50,82,47,60,33,79,829,,"34.321245,134.022858"
128,37201,,香川県,高松市,11/1/2021,勅使町,1664,870,794,25,25,16,18,16,16,82,21,39,50,70,45,55,34,61,48,60,46,66,51,66,49,45,50,40,42,61,51,69,84,34,45,33,47,32,72,980,,"34.308378,134.017303"
129,37201,,香川県,高松市,11/1/2021,田村町,2204,1143,1061,28,31,25,30,34,28,41,22,76,38,73,54,61,48,69,50,72,37,84,70,83,64,72,63,72,71,94,96,126,124,58,79,45,84,30,72,1475,,"34.31382333,134.03022889"
130,37201,,香川県,高松市,11/1/2021,上天神町,1428,756,672,16,27,7,8,11,8,5,9,79,46,94,65,78,66,63,37,53,29,76,39,52,46,44,34,38,40,34,31,45,74,34,37,13,36,14,40,1030,,"34.311973,134.038778"
131,37201,,香川県,高松市,11/1/2021,三条町,4812,2331,2481,97,94,141,119,127,129,114,129,124,110,126,121,144,121,167,179,157,184,222,236,218,199,152,166,109,118,100,105,136,153,64,86,60,92,73,140,2285,,"34.315192,134.046494"
132,37201,,香川県,高松市,11/1/2021,今里町,1023,492,531,17,13,19,23,27,19,19,40,28,21,32,34,24,22,43,37,40,39,50,58,45,45,44,37,25,30,25,30,23,29,15,20,9,8,7,26,509,,"34.322764,134.057085"
133,37201,,香川県,高松市,11/1/2021,今里町１丁目,1333,651,682,33,23,41,37,26,32,49,33,22,28,34,25,27,30,46,41,46,55,64,72,41,30,34,40,38,47,41,46,46,55,26,30,19,25,18,33,621,,"34.326087,134.057483"
134,37201,,香川県,高松市,11/1/2021,今里町２丁目,932,458,474,24,15,7,18,17,19,29,24,26,28,18,22,27,18,26,34,37,44,36,46,42,27,29,28,26,19,23,25,36,39,24,25,21,19,10,24,449,,"34.324704,134.062581"
135,37201,,香川県,高松市,11/1/2021,松縄町,5864,2823,3041,160,153,202,177,172,186,157,155,135,107,111,123,168,175,220,230,247,268,266,319,250,220,161,160,108,118,110,130,147,186,92,95,67,114,50,125,2584,,"34.31384917,134.06404833"
136,37201,,香川県,高松市,11/1/2021,伏石町,8408,4073,4335,208,196,246,238,240,232,236,246,222,210,176,182,219,231,263,295,319,314,375,357,366,373,274,277,210,204,177,194,195,219,115,161,96,162,136,244,3705,,"34.30998,134.05251889"
137,37201,,香川県,高松市,11/1/2021,太田下町,8209,3991,4218,219,196,266,240,264,272,237,279,211,178,237,214,261,266,290,312,315,368,386,366,315,323,226,220,173,178,146,174,181,217,110,133,68,107,86,175,3555,,"34.307413,134.047401"
138,37201,,香川県,高松市,11/1/2021,太田上町,7299,3416,3883,175,161,147,154,165,179,168,170,183,190,167,196,252,241,223,222,256,261,258,321,274,290,212,230,199,250,200,189,224,261,131,175,82,132,100,261,3443,,"34.30185833,134.04128111"
139,37201,,香川県,高松市,11/1/2021,木太町,31988,15351,16637,699,673,764,716,787,766,819,862,804,858,820,826,902,930,1007,998,1120,1128,1419,1501,1211,1232,933,994,845,859,821,890,972,1164,609,734,423,658,396,848,14963,,"34.32624528,134.07670778"
140,37201,,香川県,高松市,11/1/2021,春日町,4802,2385,2417,124,140,140,121,139,115,115,119,123,121,146,158,181,164,195,192,197,182,207,185,164,145,94,104,91,94,106,111,141,169,87,87,70,96,65,114,2208,,"34.32697333,134.09171194"
141,37201,,香川県,高松市,11/1/2021,新田町,5167,2548,2619,149,121,175,156,170,148,152,137,105,118,84,98,134,141,175,178,213,211,250,217,180,161,91,103,114,115,101,124,189,217,117,132,76,106,73,136,2149,,"34.321192,134.105192"
142,37201,,香川県,高松市,11/1/2021,高松町,11920,5580,6340,186,213,209,210,253,229,270,275,265,278,267,230,267,261,279,284,323,368,436,472,395,436,354,384,359,395,382,455,503,635,351,413,253,323,228,479,5700,,"34.33566417,134.10751306"
143,37201,,香川県,高松市,11/1/2021,屋島東町,3181,1512,1669,38,30,44,46,54,67,76,65,60,76,52,50,57,60,78,76,87,71,105,120,119,117,91,105,98,101,122,160,188,176,87,119,89,86,67,144,1493,,"34.35496778,134.11591722"
144,37201,,香川県,高松市,11/1/2021,屋島中町,1812,868,944,30,23,26,25,45,33,47,46,64,52,43,33,42,41,47,43,50,56,61,65,71,85,69,64,56,72,62,57,65,80,45,57,25,42,20,70,883,,"34.34371056,134.10129944"
145,37201,,香川県,高松市,11/1/2021,屋島西町,14129,6751,7378,225,214,263,238,301,274,310,365,399,338,322,313,302,332,395,371,418,408,540,594,612,630,478,559,476,524,492,515,518,553,283,392,227,306,190,452,7135,,"34.35227583,134.08916139"
146,37201,,香川県,高松市,11/1/2021,前田西町,1275,614,661,11,19,17,28,24,15,25,31,40,18,22,30,29,34,30,30,57,45,44,41,38,39,37,41,40,33,43,50,64,72,41,43,30,30,22,62,600,,"34.304903,134.112944"
147,37201,,香川県,高松市,11/1/2021,前田東町,1907,942,965,31,21,37,34,51,39,34,41,62,53,46,44,46,41,64,56,46,52,72,70,66,59,55,48,56,44,68,71,74,81,57,70,35,57,42,84,954,,"34.29657167,134.11258333"
148,37201,,香川県,高松市,11/1/2021,亀田町,1007,467,540,12,14,14,16,18,25,19,23,23,13,14,13,21,17,18,24,22,23,35,31,35,34,23,36,37,34,33,34,40,47,31,51,38,47,34,58,503,,"34.285716,134.113423"
149,37201,,香川県,高松市,11/1/2021,元山町,5004,2343,2661,148,168,98,128,69,84,85,86,115,143,210,222,214,199,167,174,171,131,168,171,133,158,113,123,97,115,120,138,178,225,124,132,68,106,65,158,2492,,"34.30697278,134.08946833"
150,37201,,香川県,高松市,11/1/2021,東山崎町,3901,1828,2073,52,59,69,55,67,68,65,79,112,112,100,99,96,96,100,111,103,97,144,143,141,144,102,106,102,97,116,119,159,218,121,141,97,142,82,187,2123,,"34.307488,134.096062"
151,37201,,香川県,高松市,11/1/2021,下田井町,1674,792,882,43,44,52,52,36,42,40,38,33,57,42,56,51,54,64,59,62,52,64,53,47,47,27,44,32,49,47,41,52,64,34,43,35,39,31,48,757,,"34.294003,134.093620"
152,37201,,香川県,高松市,11/1/2021,林町,8435,4251,4184,275,257,261,238,266,227,218,212,222,189,325,284,321,287,341,361,389,354,389,361,293,287,184,185,149,168,150,155,189,211,123,132,84,117,72,159,3867,,"34.30154806,134.07483389"
153,37201,,香川県,高松市,11/1/2021,六条町,3282,1601,1681,121,120,96,100,81,84,47,56,80,82,110,126,129,142,148,144,164,123,120,109,93,85,61,55,51,68,66,75,92,107,53,67,51,59,38,79,1452,,"34.298060,134.084288"
154,37201,,香川県,高松市,11/1/2021,上林町,3217,1594,1623,144,151,132,131,122,123,88,66,59,52,102,127,141,160,154,165,191,159,150,141,82,64,37,38,38,45,38,50,55,70,30,22,13,22,18,37,1274,,"34.289511,134.068008"
155,37201,,香川県,高松市,11/1/2021,三谷町,5541,2814,2727,191,176,219,194,249,160,127,122,114,78,127,112,175,167,238,223,261,268,241,216,140,129,87,117,118,99,120,127,155,182,81,113,87,99,84,145,2244,,"34.27771639,134.06947833"
156,37201,,香川県,高松市,11/1/2021,多肥下町,4555,2193,2362,135,116,110,114,136,125,130,131,130,130,98,102,112,140,132,167,179,173,223,235,196,210,139,157,109,96,108,111,104,111,63,76,44,67,45,101,2000,,"34.300681,134.056325"
157,37201,,香川県,高松市,11/1/2021,多肥上町,9234,4492,4742,307,301,338,350,354,291,301,243,194,183,177,220,312,328,352,383,389,384,411,435,300,274,154,167,166,170,150,208,230,276,142,168,116,150,99,211,3631,,"34.29044611,134.05146667"
158,37201,,香川県,高松市,11/1/2021,出作町,1630,783,847,57,48,61,68,46,40,36,39,25,27,22,23,45,46,87,86,67,59,57,65,49,37,32,40,37,44,31,47,52,56,35,28,19,42,25,52,674,,"34.286244,134.048392"
159,37201,,香川県,高松市,11/1/2021,仏生山町,8371,3983,4388,200,154,196,182,183,200,179,163,176,186,199,224,237,243,280,273,311,316,290,319,251,246,212,237,229,232,238,256,281,324,204,232,151,228,166,373,4001,,"34.27850556,134.04784528"
160,37201,,香川県,高松市,11/1/2021,三名町,1094,503,591,21,30,15,22,11,18,16,20,34,32,25,45,47,48,29,35,27,32,37,37,42,41,28,31,33,33,37,35,38,44,27,28,22,27,14,33,559,,"34.290409,134.035807"
161,37201,,香川県,高松市,11/1/2021,鹿角町,1807,870,937,30,23,33,21,30,30,23,38,59,63,51,44,48,45,52,43,42,48,67,59,57,67,54,51,51,69,67,59,65,89,53,60,43,54,45,74,893,,"34.300006,134.032315"
162,37201,,香川県,高松市,11/1/2021,成合町,2946,1405,1541,44,56,49,36,60,60,58,60,52,64,68,59,68,80,76,60,82,77,117,124,107,90,99,105,88,92,99,110,124,159,84,103,74,92,56,114,1425,,"34.299723,134.016132"
163,37201,,香川県,高松市,11/1/2021,一宮町,5129,2432,2697,88,105,124,128,124,109,120,121,129,106,113,128,138,128,166,143,137,170,210,212,148,152,112,143,138,138,140,156,197,258,130,145,101,157,117,198,2392,,"34.29067333,134.02893556"
164,37201,,香川県,高松市,11/1/2021,寺井町,4128,1904,2224,67,65,72,84,98,99,99,96,96,91,92,93,88,104,105,119,99,113,169,169,137,163,118,133,100,127,139,137,173,229,107,148,83,122,62,132,2079,,"34.278270,134.028749"
165,37201,,香川県,高松市,11/1/2021,川部町,2842,1391,1451,46,46,91,76,88,75,70,92,44,49,62,52,63,57,93,89,87,89,113,104,86,93,77,71,88,98,96,94,121,121,63,74,48,67,55,104,1185,,"34.26941694,134.00998778"
166,37201,,香川県,高松市,11/1/2021,岡本町,1682,797,885,31,32,30,33,44,39,38,34,31,24,29,38,33,42,37,47,60,44,56,57,51,49,38,44,51,51,57,70,79,87,45,61,38,51,49,82,763,,"34.268456,133.996809"
167,37201,,香川県,高松市,11/1/2021,円座町,8266,3962,4304,187,180,214,220,204,238,228,234,204,192,176,166,196,223,281,261,268,325,373,368,301,283,214,227,196,238,229,222,255,309,169,202,131,167,136,249,3582,,"34.28543722,134.00547111"
168,37201,,香川県,高松市,11/1/2021,西山崎町,2667,1294,1373,64,69,100,78,66,80,67,73,81,59,62,79,71,69,97,101,99,100,119,108,75,78,74,77,51,57,62,78,95,95,36,52,43,54,32,66,1047,,"34.280509,133.994486"
169,37201,,香川県,高松市,11/1/2021,檀紙町,3742,1812,1930,103,111,102,115,85,92,91,75,78,78,75,87,110,99,112,149,151,148,176,132,115,117,90,87,90,91,82,93,136,149,84,97,67,93,65,117,1601,,"34.304232,134.001237"
170,37201,,香川県,高松市,11/1/2021,御厩町,2752,1367,1385,66,54,80,68,89,79,93,67,66,49,56,41,73,88,88,88,95,108,145,117,84,86,57,55,67,64,64,89,96,120,63,72,49,70,36,70,1123,,"34.30092139,133.99466861"
171,37201,,香川県,高松市,11/1/2021,中間町,1920,931,989,53,64,82,80,63,71,49,43,42,27,24,36,55,66,92,79,81,75,82,89,57,44,36,37,36,40,48,49,53,65,32,42,22,30,24,52,734,,"34.291056,133.987947"
172,37201,,香川県,高松市,11/1/2021,郷東町,2689,1372,1317,50,33,39,38,44,38,60,38,102,70,132,85,100,85,78,65,88,71,106,95,101,91,82,76,61,73,82,75,92,145,61,101,54,62,40,76,1618,,"34.347931,134.015350"
173,37201,,香川県,高松市,11/1/2021,鶴市町,5074,2439,2635,100,105,104,107,128,115,156,144,151,164,125,129,130,154,152,166,177,167,240,240,204,202,146,140,130,149,128,144,149,181,82,105,81,107,56,116,2307,,"34.329246,134.005738"
174,37201,,香川県,高松市,11/1/2021,飯田町,2952,1479,1473,81,70,95,73,74,59,75,46,69,57,65,69,106,95,111,113,102,77,108,104,98,92,61,76,73,71,57,82,123,98,51,94,73,76,57,121,1319,,"34.318817,134.003780"
175,37201,,香川県,高松市,11/1/2021,鬼無町藤井,1253,622,631,29,22,31,33,44,38,26,23,26,27,32,27,38,29,42,39,46,47,57,51,51,46,27,30,30,29,30,34,51,48,17,34,26,35,19,39,561,,"34.32706,133.99330139"
176,37201,,香川県,高松市,11/1/2021,鬼無町是竹,979,477,502,21,21,17,12,23,21,20,13,25,31,25,19,18,22,33,27,31,31,40,36,45,41,15,22,32,28,30,37,34,47,34,32,16,23,18,39,461,,"34.339412,133.989882"
177,37201,,香川県,高松市,11/1/2021,鬼無町佐料,739,366,373,11,4,18,23,17,16,23,19,10,15,7,7,12,3,20,24,28,28,44,33,18,22,24,26,24,20,28,26,43,40,16,27,13,19,10,21,312,,"34.333680,133.988305"
178,37201,,香川県,高松市,11/1/2021,鬼無町佐藤,1050,519,531,18,19,34,30,23,29,32,30,28,20,24,16,28,22,32,38,39,25,39,44,34,41,29,18,24,35,36,40,40,33,26,27,18,22,15,42,447,,"34.327365,133.993302"
179,37201,,香川県,高松市,11/1/2021,鬼無町山口,413,212,201,3,3,9,6,9,6,12,7,9,5,10,5,10,4,5,7,10,10,22,18,16,24,14,8,8,11,19,20,21,18,20,20,9,13,6,16,183,,"34.323108,133.982819"
180,37201,,香川県,高松市,11/1/2021,鬼無町鬼無,1319,613,706,22,15,20,26,27,20,24,36,27,23,22,21,27,21,29,26,30,43,60,46,48,43,28,36,35,39,39,54,79,97,39,46,29,41,28,73,602,,"34.317337,133.988524"
181,37201,,香川県,高松市,11/1/2021,香西本町,2700,1293,1407,44,32,40,40,64,58,67,47,67,62,60,49,54,59,60,56,76,94,102,122,111,109,83,89,83,68,80,98,111,139,77,80,64,94,50,111,1329,,"34.34688556,133.99627528"
182,37201,,香川県,高松市,11/1/2021,香西東町,1778,867,911,22,21,28,12,24,25,23,25,47,52,58,53,52,44,51,30,49,48,53,59,65,87,68,59,75,61,54,73,95,93,42,57,42,56,19,56,959,,"34.341643,134.007066"
183,37201,,香川県,高松市,11/1/2021,香西南町,2828,1407,1421,72,70,65,69,87,56,72,91,74,69,76,64,94,87,87,81,110,95,125,116,110,109,63,70,65,85,81,84,93,97,61,63,38,49,34,66,1240,,"34.339104,134.000893"
184,37201,,香川県,高松市,11/1/2021,香西西町,934,460,474,16,15,15,11,29,13,22,22,26,15,16,22,22,18,21,18,18,29,34,33,30,37,27,25,29,19,24,31,51,56,30,43,24,32,26,35,423,,"34.346836,133.990088"
185,37201,,香川県,高松市,11/1/2021,香西北町,1960,980,980,40,41,39,32,51,58,58,46,48,32,67,44,44,39,65,67,67,69,85,73,73,66,64,56,48,45,52,61,59,73,48,54,39,68,33,56,899,,"34.355809,133.993476"
186,37201,,香川県,高松市,11/1/2021,神在川窪町,1141,558,583,10,12,24,22,23,23,25,23,19,25,23,18,18,22,23,16,35,36,53,44,37,31,36,32,32,35,38,45,76,63,33,44,26,34,27,58,528,,"34.362553,133.978749"
187,37201,,香川県,高松市,11/1/2021,植松町,503,247,256,14,8,9,8,12,8,9,7,19,9,11,8,16,12,12,16,15,12,12,18,14,18,14,16,20,19,16,23,22,28,8,14,12,11,12,21,260,,"34.350008,133.983191"
188,37201,,香川県,高松市,11/1/2021,中山町,1312,623,689,16,19,31,34,25,22,17,30,27,18,24,23,30,27,33,25,26,33,51,42,38,34,41,49,47,55,60,53,65,75,32,46,28,32,32,72,593,,"34.344795,133.967149"
189,37201,,香川県,高松市,11/1/2021,生島町,1228,576,652,18,21,28,26,21,28,31,28,23,20,16,16,14,18,30,35,39,39,51,45,34,35,31,35,28,38,42,59,73,80,48,40,21,34,28,55,540,,"34.359028,133.968806"
190,37201,,香川県,高松市,11/1/2021,亀水町,967,473,494,11,7,4,9,10,6,15,13,26,16,17,16,13,13,29,20,24,21,28,27,31,26,34,35,36,40,59,49,54,52,31,35,21,42,30,67,466,,"34.365762,133.946499"
191,37201,,香川県,高松市,11/1/2021,女木町,144,66,78,0,1,0,0,1,1,1,0,3,0,1,0,1,1,1,0,2,1,2,2,4,4,3,2,5,5,7,4,11,8,7,11,9,10,8,28,101,,"34.39210389,134.0517525"
192,37201,,香川県,高松市,11/1/2021,男木町,157,70,87,3,2,3,2,3,1,1,2,0,0,1,2,4,2,3,5,4,3,2,4,2,0,4,4,4,3,9,5,11,5,4,9,9,14,3,24,105,,"34.42212,134.05479"
193,37201,,香川県,高松市,11/1/2021,由良町,3585,1724,1861,57,62,77,61,72,62,74,75,83,100,92,82,96,91,100,92,108,118,156,125,131,163,107,120,113,118,113,126,151,152,72,104,77,100,45,110,1677,,"34.285778,134.085974"
194,37201,,香川県,高松市,11/1/2021,川島本町,1398,648,750,26,28,39,29,31,25,20,46,26,35,15,21,32,29,38,40,43,48,62,57,44,51,30,35,48,60,41,46,68,85,46,34,19,28,20,53,602,,"34.27649833,134.08546139"
195,37201,,香川県,高松市,11/1/2021,川島東町,4637,2216,2421,68,79,82,79,108,119,96,104,114,104,111,113,112,114,124,130,125,141,174,183,174,158,156,149,138,161,164,173,191,210,120,138,93,132,66,134,2064,,"34.269397,134.094320"
196,37201,,香川県,高松市,11/1/2021,小村町,1941,959,982,59,60,50,47,62,33,55,49,54,63,51,63,73,70,65,69,73,75,98,79,71,66,40,36,33,45,44,48,51,65,37,42,23,25,20,47,853,,"34.287608,134.100826"
197,37201,,香川県,高松市,11/1/2021,亀田南町,1670,794,876,14,15,25,24,29,33,47,36,45,48,41,45,35,38,28,29,44,54,73,70,61,75,48,51,40,54,60,63,84,100,54,53,33,41,33,47,768,,"34.279215,134.110655"
198,37201,,香川県,高松市,11/1/2021,十川西町,2867,1373,1494,56,57,72,75,103,88,128,126,68,67,56,56,65,79,75,82,115,134,160,161,114,121,59,76,73,63,59,67,77,99,40,43,29,43,24,57,1132,,"34.27361306,134.10510694"
199,37201,,香川県,高松市,11/1/2021,十川東町,2428,1195,1233,41,40,55,36,62,66,73,56,69,63,59,62,64,61,61,75,87,81,115,101,86,113,81,70,65,74,71,62,88,103,40,57,49,40,29,73,1069,,"34.260291,134.108001"
200,37201,,香川県,高松市,11/1/2021,池田町,837,419,418,6,5,13,11,12,11,17,15,13,9,18,12,21,12,7,16,31,17,29,38,27,15,25,31,37,29,41,41,50,52,30,27,15,28,27,49,384,,"34.259257,134.084161"
201,37201,,香川県,高松市,11/1/2021,東植田町,932,453,479,5,9,12,10,13,15,14,12,14,17,14,6,21,13,21,14,27,21,33,27,29,27,33,28,32,27,39,40,53,60,24,34,34,44,35,75,466,,"34.23821417,134.09904472"
202,37201,,香川県,高松市,11/1/2021,西植田町,1645,788,857,20,16,31,22,31,23,24,29,25,26,24,19,23,23,54,42,54,37,49,42,35,46,44,43,57,63,71,76,99,109,54,53,52,62,41,126,766,,"34.24028,134.07882694"
203,37201,,香川県,高松市,11/1/2021,菅沢町,66,36,30,0,0,0,0,0,0,0,0,0,0,1,2,1,1,3,0,0,0,1,0,4,3,3,0,5,3,3,1,2,2,5,4,2,2,6,12,36,,"34.195004,134.100679"
204,37201,,香川県,高松市,11/1/2021,塩江町上西甲,170,80,90,0,0,0,0,1,0,3,0,3,2,2,3,2,2,2,2,0,2,2,1,4,6,10,3,12,2,6,9,10,5,6,8,5,17,12,28,100,,"34.131543,134.079510"
205,37201,,香川県,高松市,11/1/2021,塩江町上西乙,143,61,82,2,2,1,1,1,0,2,0,1,4,4,2,4,4,1,2,0,0,3,3,9,7,1,2,5,6,7,8,7,9,5,7,4,8,4,17,88,,"34.15046528,134.07662167"
206,37201,,香川県,高松市,11/1/2021,塩江町安原上,322,159,163,0,0,1,0,1,6,5,7,4,3,6,1,3,2,8,2,3,3,9,8,11,10,15,7,14,18,21,17,17,11,9,12,9,25,23,31,161,,"34.183322,134.076337"
207,37201,,香川県,高松市,11/1/2021,塩江町安原上東,631,296,335,2,7,4,6,6,9,11,6,12,12,13,6,15,10,8,10,10,12,20,14,17,14,25,13,24,28,33,27,30,38,17,22,23,37,26,64,360,,"34.1697325,134.08280667"
208,37201,,香川県,高松市,11/1/2021,塩江町安原下,28,13,15,0,0,0,0,0,0,0,0,0,0,0,1,0,0,0,0,1,0,0,1,1,1,2,1,1,2,1,2,4,2,0,1,1,2,2,2,15,,"34.198271,134.083496"
209,37201,,香川県,高松市,11/1/2021,塩江町安原下第１号,439,211,228,6,4,12,5,10,13,11,9,9,8,2,2,8,8,6,5,8,9,20,14,19,17,5,11,14,8,18,20,22,21,12,18,8,21,21,35,205,,"34.197116,134.051628"
210,37201,,香川県,高松市,11/1/2021,塩江町安原下第２号,447,211,236,2,2,1,2,6,6,10,12,14,18,9,5,4,9,6,13,10,10,9,10,17,11,18,18,14,17,23,15,30,25,11,11,8,22,19,30,210,,"34.1963675,134.04155944"
211,37201,,香川県,高松市,11/1/2021,塩江町安原下第３号,167,89,78,1,1,4,2,3,2,7,5,10,1,0,2,2,1,2,3,7,2,4,5,4,7,1,6,11,3,4,6,9,5,6,6,7,9,7,12,82,,"34.199228,134.030943"
212,37201,,香川県,高松市,11/1/2021,香南町池内,831,422,409,9,9,11,14,14,13,31,12,34,16,17,14,14,19,23,18,18,18,28,27,30,25,23,20,28,41,37,27,53,58,22,22,16,20,14,36,372,,"34.250805,133.999862"
213,37201,,香川県,高松市,11/1/2021,香南町岡,696,334,362,8,5,11,10,19,20,13,13,9,6,7,4,11,17,20,20,18,16,25,23,19,15,15,24,27,25,34,41,40,45,19,19,20,23,19,36,288,,"34.224400,134.024178"
214,37201,,香川県,高松市,11/1/2021,香南町西庄,1585,810,775,14,7,14,15,43,27,40,29,52,36,36,26,37,13,37,31,50,47,64,56,73,61,44,40,60,64,70,67,75,92,51,58,28,48,22,58,747,,"34.237477,133.997769"
215,37201,,香川県,高松市,11/1/2021,香南町由佐,1898,943,955,38,33,35,42,52,47,53,45,60,40,40,29,38,44,54,47,51,67,84,78,59,55,47,39,43,52,67,63,100,101,53,59,40,49,29,65,835,,"34.24001194,134.01306889"
216,37201,,香川県,高松市,11/1/2021,香南町横井,1321,661,660,24,16,37,31,33,37,46,30,31,37,32,26,35,31,41,38,41,40,57,62,40,44,35,36,39,47,41,49,61,58,32,28,19,22,17,28,550,,"34.244891,134.009551"
217,37201,,香川県,高松市,11/1/2021,香南町吉光,754,380,374,6,11,12,12,11,13,22,16,23,12,11,5,15,10,28,23,19,15,29,26,25,26,22,23,31,31,31,27,47,36,18,33,16,22,14,33,330,,"34.253487,134.015848"
218,37201,,香川県,高松市,11/1/2021,香川町大野,7050,3433,3617,170,129,169,165,199,146,175,181,172,193,153,137,156,165,180,193,254,243,287,285,254,247,206,221,197,193,183,192,275,351,185,230,131,166,87,180,3069,,"34.26717583,134.02466444"
219,37201,,香川県,高松市,11/1/2021,香川町寺井,383,184,199,6,4,13,19,13,13,4,8,3,5,5,3,4,4,12,14,22,17,19,17,13,11,8,9,5,6,9,13,23,26,17,20,7,4,1,6,160,,"34.271898,134.030659"
220,37201,,香川県,高松市,11/1/2021,香川町浅野,8224,3985,4239,89,91,125,142,180,147,219,175,174,161,131,132,142,142,197,174,263,244,329,336,304,266,231,251,258,302,305,319,437,523,290,290,188,228,123,316,3785,,"34.25663833,134.03566639"
221,37201,,香川県,高松市,11/1/2021,香川町川内原,978,490,488,10,10,19,19,17,9,25,14,21,17,14,15,23,16,19,25,39,27,32,32,33,31,25,31,34,31,42,44,60,57,35,33,19,18,23,59,442,,"34.230353,134.049718"
222,37201,,香川県,高松市,11/1/2021,香川町川東上,3348,1637,1711,28,31,34,35,62,46,59,58,86,77,71,57,70,50,75,65,89,90,95,92,113,113,115,112,115,122,141,176,209,241,128,122,79,90,68,134,1570,,"34.241488,134.034423"
223,37201,,香川県,高松市,11/1/2021,香川町川東下,2340,1129,1211,41,35,61,54,72,51,60,72,60,65,44,31,41,52,66,75,91,86,100,104,79,95,60,51,59,56,63,74,98,98,62,85,42,45,30,82,966,,"34.245866,134.028361"
224,37201,,香川県,高松市,11/1/2021,香川町東谷,218,102,116,1,3,1,0,0,3,2,1,1,0,1,2,2,4,3,4,2,2,6,4,5,2,7,3,9,12,16,6,11,17,10,8,7,15,18,30,117,,"34.20461444,134.06167694"
225,37201,,香川県,高松市,11/1/2021,香川町安原下第３号,186,84,102,0,1,2,3,3,3,1,0,3,6,4,1,5,7,5,4,4,2,3,5,4,3,6,5,9,10,9,11,11,11,5,9,6,5,4,16,96,,"34.206865,134.022758"
226,37201,,香川県,高松市,11/1/2021,香川町安原下第１号,25,14,11,0,0,0,0,1,0,0,0,1,2,2,0,1,1,2,1,0,1,1,0,0,0,1,2,1,1,1,0,0,0,0,0,0,0,3,3,15,,"34.208358,134.043528"
227,37201,,香川県,高松市,11/1/2021,国分寺町新居,7521,3681,3840,141,144,142,178,170,149,197,172,199,175,199,155,193,199,216,208,248,264,327,311,285,269,245,235,191,213,207,258,300,313,168,205,142,161,111,231,3361,,"34.30537556,133.96234361"
228,37201,,香川県,高松市,11/1/2021,国分寺町国分,4938,2393,2545,86,101,135,98,148,123,127,167,113,86,113,107,106,126,150,147,190,177,230,226,178,163,128,139,129,124,129,165,175,221,103,126,92,111,61,138,2104,,"34.310351,133.945421"
229,37201,,香川県,高松市,11/1/2021,国分寺町福家,5447,2660,2787,88,83,112,109,145,110,168,148,150,149,116,124,110,121,159,159,169,176,264,233,210,223,166,178,143,148,162,175,230,259,127,148,74,94,67,150,2280,,"34.28412861,133.96106694"
230,37201,,香川県,高松市,11/1/2021,国分寺町新名,4798,2311,2487,98,99,114,118,116,122,120,125,105,108,121,124,121,129,154,145,167,152,187,205,175,180,125,135,130,134,147,187,199,218,124,132,72,86,36,88,2012,,"34.283614,133.956386"
231,37201,,香川県,高松市,11/1/2021,国分寺町柏原,2126,1012,1114,25,36,53,39,40,49,64,53,69,56,55,45,48,46,47,37,49,55,86,97,73,103,81,76,56,68,52,69,100,109,46,81,37,50,31,45,947,,"34.287748,133.948888"
232,37201,,香川県,高松市,11/1/2021,庵治町,4762,2294,2468,43,39,63,50,65,68,88,87,88,97,69,72,89,71,103,87,111,88,173,181,178,160,137,142,173,158,211,203,267,293,156,209,128,191,152,272,2196,,"34.3840175,134.12656556"
233,37201,,香川県,高松市,11/1/2021,牟礼町牟礼,10336,4946,5390,178,173,232,243,269,251,265,242,232,200,186,175,194,215,288,286,327,325,440,421,370,374,300,305,269,304,323,363,443,538,258,359,214,263,158,353,4563,,"34.33783,134.13929"
234,37201,,香川県,高松市,11/1/2021,牟礼町大町,4987,2424,2563,76,66,111,84,122,117,141,124,137,103,99,101,100,88,102,137,166,153,185,192,163,170,140,169,169,186,194,206,211,242,132,151,88,120,88,154,2229,,"34.33608722,134.142685"
235,37201,,香川県,高松市,11/1/2021,牟礼町原,1814,871,943,28,33,26,33,35,30,41,29,32,34,26,37,36,36,44,40,57,44,61,68,68,59,55,54,64,55,62,73,85,94,56,76,46,60,49,88,853,,"34.323483,134.153506"