#property,areaCode,areaNumber,confidential,confidentialInformation,totalArea,cityCode,cityName,townName,numberOfBusinessFacilities,businessFacilityBuildingArea,totalFloorAreaOfBusinessFacilities,numberOfCommercialFacilities,commercialFacilityBuildingArea,TotalFloorAreaOfCommercialFacilities,NumberOfAccommodationFacilities,AccommodationBuildingArea,AccommodationTotalFloorArea,NumberOfCommercialComplexFacilities,CommercialComplexBuildingArea,TotalFloorAreaOfCommercialComplex,NumberOf Houses,ResidentialBuildingArea,TotalFloorAreaOfTheHouse,numberOfApartmentBuildings
1,372010010,2,,,,37201,高松市,塩屋町,9,1636.62,9161.9,7,549.78,1655.62,1,171.37,245.18,,,,34,2454.65,5366.59,1
2,372010020,2,,,,37201,高松市,築地町,7,1321.47,4404.48,4,307.48,729.87,,,,,,,156,8632.14,25191.26,19
3,37201003000,3,,,,37201,高松市,塩上町,4,526.88,2701.02,,,,,,,,,,36,1982,5549.7,2
4,37201003001,3,,,,37201,高松市,塩上町１丁,16,1506.59,6169.53,8,830,1848.45,,,,,,,80,4026.47,9586.03,6
5,37201003002,3,,,,37201,高松市,塩上町２丁,14,1553.49,4117.35,8,834.09,2909.4,,,,,,,181,11448.75,28103.03,20
6,37201003003,3,,,,37201,高松市,塩上町３丁,13,1316.13,5796.46,10,629.91,1771.28,,,,,,,165,9288.4,22376.63,13
7,372010040,2,,,,37201,高松市,八坂町,,,,3,234.49,447.92,,,,,,,30,1551.76,3730.57,3
8,372010050,2,,,,37201,高松市,福田町,7,506.2,1502.29,7,577.31,1759.02,3,732.67,4535.26,,,,85,4743.51,12577.83,6
9,37201006001,3,,,,37201,高松市,常磐町１丁,5,586.57,2031.75,35,11873.01,98693.28,,,,,,,28,1724.21,5023.93,
10,37201006002,3,,,,37201,高松市,常磐町２丁,10,927.95,4112.53,13,1103.06,3722.55,6,834.15,3610.12,,,,57,3966.57,9896.32,9
11,37201007001,3,,,,37201,高松市,瓦町１丁目,20,2718.44,11272.11,24,1720.49,7252.47,6,1874.97,19875.03,,,,50,2707.78,9923.36,5
12,37201007002,3,,,,37201,高松市,瓦町２丁目,11,936.58,4796.27,48,5410.37,24712.71,1,85.65,632.55,,,,88,4579.53,15111.69,1
13,372010080,2,,,,37201,高松市,古馬場町,23,1540.53,5142.63,82,9087.35,36084.64,2,200.56,698.29,,,,45,2433.41,7720.53,2
14,372010090,2,,,,37201,高松市,御坊町,4,296.46,1090.79,18,1326.02,5162.66,2,266.64,1403.75,,,,33,1943.52,5703.42,
15,372010100,2,,,,37201,高松市,今新町,5,650.09,4601.25,19,1628.99,5612.79,1,156.67,870.25,,,,34,2001.23,6760.23,2
16,372010110,2,,,,37201,高松市,大工町,4,562.04,3770.2,17,1419.83,5180.59,2,174.86,449.04,,,,62,4899.48,13156.1,3
17,372010120,2,,,,37201,高松市,百間町,8,824.16,3688.58,23,4252.16,7662.59,4,1937.26,11553.2,,,,30,2265.17,11637.74,
18,372010130,2,,,,37201,高松市,片原町,5,425.96,1280.82,28,3315.06,10828.56,,,,,,,23,1587.19,4395.77,2
19,372010140,2,,,,37201,高松市,鶴屋町,,,,2,915.01,915.01,2,431.37,2111.73,,,,53,2840.77,7924.47,3
20,372010150,2,,,,37201,高松市,本町,9,1140.64,3156.55,2,152.92,293.38,1,48.76,77.68,,,,132,6942.3,17580.97,11
21,372010160,2,,,,37201,高松市,北浜町,6,698.39,1933.33,2,56.9,56.9,,,,,,,102,6344.84,18818.07,4
22,37201017001,3,,,,37201,高松市,朝日町１丁,4,1879.92,4440.09,,,,,,,,,,3,261.08,418.65,
23,37201017002,3,,,,37201,高松市,朝日町２丁,6,3218.41,5858.47,6,1763.71,2670.95,,,,,,,97,5338.91,9337.29,2
24,37201017003,3,,,,37201,高松市,朝日町３丁,5,977.56,2269.83,1,1491.97,2756.49,,,,,,,12,527.48,684.46,
25,37201017004,3,,,,37201,高松市,朝日町４丁,41,7486.42,17848.72,1,33.58,33.58,,,,,,,21,1966.98,2002.98,
26,37201017005,3,,,,37201,高松市,朝日町５丁,35,8997.4,17107.41,2,173,185,,,,,,,19,5808.96,5968.3,2
27,37201017006,3,,,,37201,高松市,朝日町６丁,12,6288.78,17725.75,,,,,,,,,,5,59.7,59.7,
28,372010180,2,,,,37201,高松市,東浜町,2,187.46,744.23,1,138.84,277.68,,,,,,,32,1878.96,5112.01,4
29,37201019001,3,,,,37201,高松市,城東町１丁,11,1220.86,4224.78,4,1020.62,3446.79,4,1911.53,14620.26,,,,49,3492.02,8414.04,4
30,37201019002,3,,,,37201,高松市,城東町２丁,7,538.5,1270.76,7,665.8,3515.13,4,373.54,2799.43,,,,45,2678.12,5984.03,2
31,372010200,2,,,,37201,高松市,朝日新町,33,5890.03,13248.85,7,2937.02,8259.2,,,,,,,3,712.94,770.98,
32,372010210,2,,,,37201,高松市,通町,5,523.61,1315.81,5,1297.48,1838.81,2,516.77,3334.38,,,,21,1440.53,5314.21,1
33,372010220,2,,,,37201,高松市,井口町,3,303.54,979.41,4,373.52,914.62,,,,,,,31,2186.86,9049.27,3
34,372010230,2,,,,37201,高松市,末広町,3,264.61,710.97,2,588.94,3578.16,,,,,,,74,4808.86,12694.49,5
35,37201024001,3,,,,37201,高松市,福岡町１丁,2,214.04,735.22,7,618.46,892.11,,,,,,,70,3897.84,10803.63,5
36,37201024002,3,,,,37201,高松市,福岡町２丁,27,5353.35,15177.43,9,1057,1634.23,3,2527.77,10871.77,,,,275,18667.93,49721.88,31
37,37201024003,3,,,,37201,高松市,福岡町３丁,29,5197.88,17514.97,17,14416.21,41942.9,1,89.1,143.64,,,,324,19005.32,35444.48,23
38,37201024004,3,,,,37201,高松市,福岡町４丁,21,3182.26,8833.44,4,428.77,428.77,,,,,,,342,20065.75,35886.66,19
39,37201025001,3,,,,37201,高松市,松福町１丁,13,1850.94,7079.65,,,,,,,,,,225,15214.83,34322.58,17
40,37201025002,3,,,,37201,高松市,松福町２丁,16,2176.42,7143.87,8,1080.43,1671.77,,,,,,,181,10840.92,22615.66,14
41,37201026000,3,,,,37201,高松市,松島町,4,465.08,983.94,1,30.24,30.24,,,,,,,33,2041.78,3241.01,2
42,37201026001,3,,,,37201,高松市,松島町１丁,13,2334.36,9455.33,5,505.25,623.7,,,,,,,128,8313.26,16792.23,9
43,37201026002,3,,,,37201,高松市,松島町２丁,9,790.33,3114.7,15,6743.73,26490.96,,,,,,,235,17349.23,42755.26,22
44,37201026003,3,,,,37201,高松市,松島町３丁,15,1476.77,3489.76,8,2012.95,2681.82,,,,,,,467,27062.85,50721.78,20
45,37201027001,3,,,,37201,高松市,多賀町１丁,7,844.25,2553.59,5,198.77,460.57,,,,,,,119,6258.01,13469.78,13
46,37201027002,3,,,,37201,高松市,多賀町２丁,9,1016.78,4175.33,10,702.44,1644.85,,,,,,,178,10378.08,25219.62,13
47,37201027003,3,,,,37201,高松市,多賀町３丁,10,1001.47,2208.7,6,416.99,732.84,,,,,,,248,14378.43,29384.27,13
48,37201028001,3,,,,37201,高松市,花園町１丁,10,1553.53,4285.3,9,2231.11,3484.11,,,,,,,153,8548.59,21431.83,12
49,37201028002,3,,,,37201,高松市,花園町２丁,6,661.24,1784.16,,,,,,,,,,112,5887.97,11414.66,12
50,37201028003,3,,,,37201,高松市,花園町３丁,,,,,,,,,,,,,119,6568.41,12053.13,10
51,37201029001,3,,,,37201,高松市,観光通１丁,8,2616.8,17296.99,3,444.75,983.68,1,166.76,1400.81,,,,26,2880.09,4765.93,7
52,37201029002,3,,,,37201,高松市,観光通２丁,10,2128.51,9936.03,5,2509.87,6878.79,3,687.44,5646.06,,,,32,2037.5,4545,4
53,372010300,2,,,,37201,高松市,田町,8,1039.46,8069.09,30,3506.59,9678.46,1,465.64,2949.25,,,,83,5328.9,15234.26,6
54,372010310,2,,,,37201,高松市,東田町,4,239.25,1360.7,2,110.82,317.56,,,,,,,59,2778.57,6339.84,4
55,37201032000,3,,,,37201,高松市,藤塚町,,,,2,97.88,548.93,,,,,,,13,603,1351.5,1
56,37201032001,3,,,,37201,高松市,藤塚町１丁,14,3352.27,20184.43,12,1304.53,2607.75,,,,,,,238,14346.31,34368.66,9
57,37201032002,3,,,,37201,高松市,藤塚町２丁,4,441.58,1183.73,8,819.57,1808.16,,,,,,,156,9555.14,32727.28,14
58,37201032003,3,,,,37201,高松市,藤塚町３丁,13,1497.11,5174.32,10,5631.34,9657.02,1,207.49,1637.16,,,,165,10274.78,21890.92,12
59,37201033001,3,,,,37201,高松市,栗林町１丁,10,1188.21,3823.61,18,1904.96,5189.56,4,549.11,4290.19,,,,161,9940.54,31807.68,13
60,37201033002,3,,,,37201,高松市,栗林町２丁,4,925.68,2040.02,10,1046.71,2104.62,1,53.48,106.96,,,,227,14014.13,45965.68,16
61,37201033003,3,,,,37201,高松市,栗林町３丁,6,939.74,2585.58,3,314.6,939.32,,,,,,,177,11673.51,26803.3,12
62,37201034001,3,,,,37201,高松市,桜町１丁目,8,825.16,2323.92,1,151.57,151.57,,,,,,,202,16324.01,41459.55,14
63,37201034002,3,,,,37201,高松市,桜町２丁目,8,970.5,1840.55,5,1646.55,1815.92,,,,,,,187,14854.83,31537.88,14
64,37201035001,3,,,,37201,高松市,楠上町１丁,3,234.37,712.29,1,23.66,23.66,,,,,,,210,13539.48,33084.21,13
65,37201035002,3,,,,37201,高松市,楠上町２丁,1,117,234,,,,,,,,,,69,4903.02,9717.89,7
66,37201036001,3,,,,37201,高松市,花ノ宮町１,9,2145.21,4786.03,3,469.19,1655.54,,,,,,,171,11813.1,24649.49,14
67,37201036002,3,,,,37201,高松市,花ノ宮町２,2,122.85,343.05,3,394.01,589.7,,,,,,,199,15496.72,34669.29,14
68,37201036003,3,,,,37201,高松市,花ノ宮町３,3,150.94,245.2,3,263.89,848.48,,,,,,,106,7495.19,15384.12,9
69,37201037001,3,,,,37201,高松市,上之町１丁,15,2071.97,3510.23,4,1096.61,1567.62,,,,,,,141,11955.93,27008.33,12
70,37201037002,3,,,,37201,高松市,上之町２丁,7,1286.06,3331.59,2,272.2,465.53,,,,,,,272,16326.41,28330.8,20
71,37201037003,3,,,,37201,高松市,上之町３丁,5,854.03,6340.57,4,1217.69,2449.2,,,,,,,149,11107.14,30106.8,10
72,372010380,2,,,,37201,高松市,旅籠町,,,,1,57.11,246.98,,,,,,,6,243.43,620.92,2
73,372010390,2,,,,37201,高松市,中新町,11,3237.3,23010.29,2,589.71,1281.19,1,96.69,193.38,,,,49,3207.5,9015.41,7
74,372010400,2,,,,37201,高松市,天神前,42,11973.32,41347.41,17,1623.78,4667.54,,,,,,,78,4774.58,14568.07,7
75,372010410,2,,,,37201,高松市,中央町,29,4642.83,24127.45,6,686.99,1447.49,1,967.33,8895.51,,,,187,10791.17,27124.9,15
76,372010420,2,,,,37201,高松市,中野町,20,3855.44,27348.01,5,249.38,343.33,4,418.85,1088.59,,,,363,20881.69,47355.91,21
77,372010430,2,,,,37201,高松市,亀岡町,12,1017.06,4029.25,5,330.15,805.13,3,639.73,5192.54,,,,197,10780.5,23390.5,10
78,37201044001,3,,,,37201,高松市,番町１丁目,23,6797.29,55029.93,7,429.58,1765.72,,,,,,,52,3162.47,11078.86,2
79,37201044002,3,,,,37201,高松市,番町２丁目,16,3990.94,15362.46,4,636.41,1430.76,,,,,,,133,10691.63,25116.42,5
80,37201044003,3,,,,37201,高松市,番町３丁目,7,1450.76,8134.59,4,490.28,778.72,,,,,,,164,11456.38,26764.59,9
81,37201044004,3,,,,37201,高松市,番町４丁目,4,192.04,699.93,7,568.29,1089.32,,,,,,,129,9287.85,18726.6,4
82,37201044005,3,,,,37201,高松市,番町５丁目,6,1541.82,3905.57,6,216.89,355.2,,,,,,,66,5034.65,13485.45,6
83,372010450,2,,,,37201,高松市,紫雲町,4,373.3,1028.48,1,17.35,17.35,,,,,,,63,3471.94,6620.08,8
84,372010460,2,,,,37201,高松市,新北町,12,815.25,1639.53,4,339.11,3134.44,,,,,,,366,27167.05,56678.32,22
85,37201047001,3,,,,37201,高松市,宮脇町１丁,15,1132.8,3501.28,16,1898.6,5821.09,,,,,,,546,34127.77,76583.69,30
86,37201047002,3,,,,37201,高松市,宮脇町２丁,10,424.69,870.54,3,644.04,4714.05,2,696.22,2473.17,,,,655,38684.4,76029.23,41
87,37201048001,3,,,,37201,高松市,西宝町１丁,18,3484.04,10170.89,5,1063.7,8650.14,,,,,,,219,13378.33,30924.9,16
88,37201048002,3,,,,37201,高松市,西宝町２丁,3,946.09,5128.26,5,1314.42,2330.89,,,,,,,161,11743.42,31848.42,12
89,37201048003,3,,,,37201,高松市,西宝町３丁,4,566.29,2278.82,4,780.77,1072.48,2,767.45,8508.9,,,,126,6559.28,16286.14,11
90,372010490,2,,,,37201,高松市,茜町,10,1274.06,3235.46,13,3734.27,4396.32,,,,,,,218,21053.89,70867.81,7
91,372010500,2,,,,37201,高松市,西町,5,749.4,1760.61,8,1920.74,2431.59,,,,,,,235,15972.26,31261.09,26
92,372010510,2,,,,37201,高松市,瀬戸内町,20,1513.25,3646.93,8,347.8,531.15,,,,,,,482,24915.01,44276.42,13
93,37201052001,3,,,,37201,高松市,扇町１丁目,6,1427.68,2967.97,10,767.61,1217.5,,,,,,,610,31177.64,60563.76,24
94,37201052002,3,,,,37201,高松市,扇町２丁目,4,576,2323.15,9,4694.82,6736.11,,,,,,,152,9552.48,18580.13,12
95,37201052003,3,,,,37201,高松市,扇町３丁目,6,1018.81,5573.95,4,258.68,855.14,,,,,,,202,9980.11,20081.67,14
96,37201053001,3,,,,37201,高松市,昭和町１丁,5,589.61,1914.98,1,170.01,170.01,,,,,,,152,12154.92,30395.89,17
97,37201053002,3,,,,37201,高松市,昭和町２丁,4,300.88,721.14,1,69.32,207.7,,,,,,,135,8978.85,18233.39,17
98,372010540,2,,,,37201,高松市,幸町,1,49.98,134.57,,,,,,,,,,8,1002.3,2717.05,
99,37201055001,3,,,,37201,高松市,錦町１丁目,33,7166.89,25867.48,6,894.97,2482.35,4,1131.19,3854.07,,,,155,11785.46,35553.82,25
100,37201055002,3,,,,37201,高松市,錦町２丁目,16,3274.58,10999.5,4,353.43,627.25,1,120.45,442.07,,,,252,16483.35,42466.97,15
101,372010561,2,,,,37201,高松市,浜ノ町,28,10554.86,40449.02,9,8017.22,14813.12,1,3872.93,33026.25,,,,720,51951.1,160643.86,20
102,372010562,2,,,,37201,高松市,サンポート,8,4107.58,85465.12,9,10466.84,40418.21,,,,,,,3,340.76,340.76,
103,372010570,2,,,,37201,高松市,玉藻町,6,890.12,1336.44,,,,,,,,,,5,491.28,2776.83,
104,372010580,2,,,,37201,高松市,丸の内,20,6574.14,51057.75,3,282.31,1687.76,2,200.97,658.08,,,,77,6475.5,23376.4,8
105,372010590,2,,,,37201,高松市,内町,12,3318.2,15455.91,22,5643.96,37703.82,1,187.95,1346.62,,,,24,1610.97,5188.83,1
106,37201060001,3,,,,37201,高松市,寿町１丁目,8,4573.17,42516.22,2,322.2,1271.53,1,104.14,628.45,,,,2,94.7,154.2,
107,37201060002,3,,,,37201,高松市,寿町２丁目,9,6129.52,46638,,,,,,,,,,7,224.25,633.74,1
108,372010610,2,,,,37201,高松市,西の丸町,8,1586.66,6314.97,14,1014.82,3998.8,14,2055.27,11021.51,,,,24,1475.98,4441.96,5
109,372010620,2,,,,37201,高松市,西内町,16,1950.07,8730.76,4,270.89,701.5,3,349.43,1718.78,,,,41,2963.24,10052.21,4
110,372010630,2,,,,37201,高松市,兵庫町,5,1777.32,8885.78,29,3812.45,9826.42,3,490.1,8814.75,,,,33,3367.8,13681.71,1
111,372010640,2,,,,37201,高松市,古新町,16,4280.95,30816.22,5,659.75,2245.64,3,1217.85,8991.07,,,,19,2430.01,10748.66,3
112,372010650,2,,,,37201,高松市,磨屋町,11,2749.95,22241.65,4,574.56,1408.06,,,,,,,34,4027.61,14787.11,1
113,372010660,2,,,,37201,高松市,紺屋町,10,3895.73,25613.87,8,1007.54,4915.26,,,,,,,17,1282.39,3719.2,1
114,372010670,2,,,,37201,高松市,鍛冶屋町,12,2207.22,18568.56,27,3249.71,13448.85,,,,,,,12,1206.21,4714.6,
115,372010680,2,,,,37201,高松市,丸亀町,11,2707.9,6216.19,54,26875.79,86055.89,1,0,5785.68,,,,25,1906.72,5480.32,1
116,372010690,2,,,,37201,高松市,南新町,2,598.43,2997.48,37,5489.05,19375.5,,,,,,,17,1863.08,6977.43,
117,372010700,2,,,,37201,高松市,亀井町,25,5788.99,91044,16,1792.52,7248.99,2,276.03,1927.85,,,,41,3178.54,10478.42,1
118,372010710,2,,,,37201,高松市,観光町,2,827.54,4931.2,3,144.15,191.95,,,,,,,293,16539.44,33692.85,12
119,37201072100,3,,,,37201,高松市,上福岡町,49,6331.5,12200.92,32,10200.52,16304.23,,,,,,,941,54556.91,98973.61,50
120,37201072100,3,,,,37201,高松市,上福岡町,4,441.59,1233.86,4,2792.4,3659.79,,,,,,,132,6324.32,11531.23,3
121,372010730,2,,,,37201,高松市,峰山町,3,276.86,381.91,2,96.96,140.61,,,,,,,89,6235.32,8504.6,1
122,372010740,2,,,,37201,高松市,室町,6,774.58,2480.86,2,269.02,269.02,,,,,,,161,11038.15,18490.46,15
123,372010750,2,,,,37201,高松市,室新町,25,2620.01,6901.34,7,429.84,1035.18,,,,,,,148,9292.8,24375.16,6
124,372010760,2,,,,37201,高松市,東ハゼ町,32,5815.51,12308.28,18,4034.75,9085.99,,,,,,,228,17141.37,34298.91,21
125,372010770,2,,,,37201,高松市,西ハゼ町,25,3077.28,7172.39,13,9639.18,16521.81,,,,,,,282,19471.84,30410.8,25
126,372010780,2,,,,37201,高松市,紙町,21,2217.52,4202.69,9,1692.34,2022.97,,,,,,,410,25567.57,36069.33,40
127,372010790,2,,,,37201,高松市,松並町,20,1871.33,3625.4,14,1819.05,2168.86,,,,,,,436,28711.48,40294.79,21
128,372010800,2,,,,37201,高松市,西春日町,11,963.14,2663.51,3,526.85,807.23,,,,,,,450,31666.18,45125.71,6
129,372010810,2,,,,37201,高松市,勅使町,62,15995.51,38375.8,43,14512.96,22464.26,,,,,,,696,51326.84,70147.51,44
130,372010820,2,,,,37201,高松市,田村町,42,5956.92,13155.19,25,7667.54,14231.72,1,260.71,466.9,,,,600,40524.4,54220.31,53
131,372010830,2,,,,37201,高松市,上天神町,41,6619.09,13975.49,41,54127.58,132321.82,,,,,,,308,23181.53,32358.35,57
132,372010840,2,,,,37201,高松市,三条町,20,7126.34,34000.29,22,5285.04,8178.92,,,,,,,1085,75208.92,127824.41,89
133,37201085000,3,,,,37201,高松市,今里町,15,2690.76,4572.92,17,3873.67,4882.87,,,,,,,222,17188.4,27555.48,25
134,37201085001,3,,,,37201,高松市,今里町１丁,39,6336.37,9821.63,21,7969.47,9189.97,,,,,,,359,26019.93,51471.9,18
135,37201085002,3,,,,37201,高松市,今里町２丁,38,5690.22,10577.4,12,3211.42,4047.83,,,,,,,268,19150.1,32665.79,23
136,372010860,2,,,,37201,高松市,松縄町,67,11085.05,20261.4,64,14053.28,16946.99,,,,,,,1174,92696.66,150380.93,122
137,372010870,2,,,,37201,高松市,伏石町,97,19789.59,30899.54,106,50045.18,74398.68,,,,,,,1964,154375.36,246290.4,156
138,372010880,2,,,,37201,高松市,太田下町,23,3592.13,6495.14,42,6784.02,15344.39,,,,,,,1617,127177.78,209465.96,150
139,372010890,2,,,,37201,高松市,太田上町,29,2895.52,5851.65,40,8166.49,11715.98,1,14.87,14.87,,,,1703,125416.34,222151.2,105
140,37201090001,3,,,,37201,高松市,木太町１区,20,1865.39,3534.41,19,4884.02,6162.83,,,,,,,662,55462.02,93776.44,66
141,37201090002,3,,,,37201,高松市,木太町２区,32,3756.36,7433.77,41,7257.33,11257.88,,,,,,,1381,99406.22,189838.86,47
142,37201090003,3,,,,37201,高松市,木太町３区,14,2466.7,3754.53,9,1655.39,3964.17,,,,,,,498,32410.64,56357.73,34
143,37201090004,3,,,,37201,高松市,木太町４区,17,3015.57,6274.56,19,4245.01,6862.57,8,4652.08,12839.8,,,,270,24372.94,57316.39,19
144,37201090005,3,,,,37201,高松市,木太町５区,9,1626.2,3261.22,16,10052.02,21555.48,,,,,,,136,9757.6,21797.88,12
145,37201090006,3,,,,37201,高松市,木太町６区,29,3850.39,7186.47,34,14547.58,17845.04,18,4895.39,14732.04,,,,750,57814.77,129980.01,67
146,37201090007,3,,,,37201,高松市,木太町７区,15,1416.11,2329.98,15,975,1489.67,,,,,,,1901,133489.49,218481.43,85
147,37201090008,3,,,,37201,高松市,木太町８区,17,1312.18,2787.2,17,2758.94,3794.99,,,,,,,1065,81161.7,128719.21,38
148,37201090009,3,,,,37201,高松市,木太町９区,27,2902.9,4730.25,24,7505.52,9144.27,,,,,,,1251,93167.09,145949.63,50
149,372010910,2,,,,37201,高松市,春日町,82,15523.81,43074.06,73,24254.5,57483.73,7,1545.84,5347.12,,,,1456,129216.8,184549.05,79
150,372010920,2,,,,37201,高松市,新田町,44,6826.32,14729.35,34,10190.13,11464.86,1,1973.64,4628.36,,,,1992,171835.48,227384.68,24
151,37201093100,3,,,,37201,高松市,高松町,45,8197.42,14882.99,87,19523.6,31149.3,,,,,,,1801,130658.35,227074.39,60
152,37201093100,3,,,,37201,高松市,高松町,20,1582.91,2297.3,9,790.61,891.35,,,,,,,2711,199671.03,297474.38,55
153,372010940,2,,,,37201,高松市,屋島東町,10,774.16,1457.65,11,1406.49,1493.49,13,2795.37,10108.51,,,,1591,115254.36,166362.99,24
154,372010950,2,,,,37201,高松市,屋島中町,6,561.68,650.06,15,2121.07,2833.17,,,,,,,645,44872.05,71688.69,16
155,37201096100,3,,,,37201,高松市,屋島西町,33,3344.54,5855.07,52,14427.75,18358.77,3,737.72,1036.75,,,,1461,112577.84,227079.09,121
156,37201096100,3,,,,37201,高松市,屋島西町,44,13135.32,34515.8,68,51242.95,71352.48,2,313.56,3052.73,,,,1783,132757.97,253404.75,51
157,372010970,2,,,,37201,高松市,前田西町,19,1527.32,2346.04,7,853.15,1234.73,1,1078.2,1735.4,,,,765,58966.69,76878.35,8
158,372010980,2,,,,37201,高松市,前田東町,15,1255.93,1587.45,19,1946.76,2414.32,,,,,,,897,72905.09,94645.49,25
159,372010990,2,,,,37201,高松市,亀田町,8,417.92,539.23,17,2801.72,6867.97,,,,,,,581,40543.66,54992.78,14
160,372011000,2,,,,37201,高松市,元山町,27,3251.58,6147.39,24,8003.7,8733.16,,,,,,,1467,115567.01,164416.59,63
161,372011010,2,,,,37201,高松市,東山崎町,32,3530.22,6410.87,45,23856.84,26023.49,,,,,,,1434,108836.49,155626.94,53
162,372011020,2,,,,37201,高松市,下田井町,16,1638.24,1940.84,16,2558.1,3078.13,,,,,,,637,55910.88,72981.38,8
163,372011030,2,,,,37201,高松市,林町,100,24763.47,50503.89,77,25379.8,38912.28,1,790.97,2683.37,,,,1860,185362.04,256346.83,162
164,372011040,2,,,,37201,高松市,六条町,24,2856.83,6060.72,15,1330.8,1855.21,,,,,,,1139,104231.36,130846.46,25
165,372011050,2,,,,37201,高松市,上林町,13,1574.83,2633.4,14,3489.33,3580.51,,,,,,,744,90175.89,107998.22,18
166,372011060,2,,,,37201,高松市,三谷町,40,4637.12,9132.2,29,5311.92,5510.63,,,,,,,2243,206126.75,257530.41,13
167,372011070,2,,,,37201,高松市,多肥下町,38,5629.76,10137.7,75,25690.3,32587.27,,,,,,,839,77240.2,119258.31,83
168,372011080,2,,,,37201,高松市,多肥上町,23,1912.66,3373.81,27,9261.86,23993.21,,,,,,,2629,240363.32,323423.92,84
169,372011090,2,,,,37201,高松市,出作町,10,796.34,1830.25,26,3144.13,4768.7,,,,,,,612,61450.81,80124.41,10
170,37201110100,3,,,,37201,高松市,仏生山町,37,4304.14,8206.11,65,13535.22,20253.97,2,373.48,648.28,,,,3198,269139.43,371731.8,95
171,37201110100,3,,,,37201,高松市,仏生山町,1,82.14,82.14,,,,,,,,,,118,7649.21,10472.95,1
172,372011110,2,,,,37201,高松市,三名町,16,2292.05,4248.29,19,3753.62,10536.74,,,,,,,431,38454.21,49135.74,27
173,372011120,2,,,,37201,高松市,鹿角町,22,2354.39,4980.21,18,4172.29,4971.31,,,,,,,811,62812.06,91671.05,17
174,372011130,2,,,,37201,高松市,成合町,36,5668.76,11861.97,26,16438.37,18832.26,,,,,,,1419,111003.02,156750.08,37
175,372011140,2,,,,37201,高松市,一宮町,35,6039.54,12669.28,66,14269.31,17309.52,,,,,,,2040,140646.51,199792.45,63
176,372011150,2,,,,37201,高松市,寺井町,20,2221.73,4438.53,23,2417.31,3170.55,,,,,,,1391,117169.65,159922.16,46
177,372011160,2,,,,37201,高松市,川部町,20,2011.12,2440.24,14,890.31,1366.03,,,,,,,1470,134219.33,173787.84,7
178,372011170,2,,,,37201,高松市,岡本町,11,992.65,1230.24,9,2151.25,2256.51,2,360,823.96,,,,838,69738.06,95225.17,8
179,372011180,2,,,,37201,高松市,円座町,51,8540.02,12954.9,68,20742.99,26486.84,,,,,,,3121,279339.34,384228.72,115
180,372011190,2,,,,37201,高松市,西山崎町,6,558.56,991.11,14,2258.69,3143.71,,,,,,,1044,98169.22,130834.33,13
181,372011200,2,,,,37201,高松市,檀紙町,41,4426.31,7139.85,33,4756.91,6920.74,,,,,,,1639,156843.09,198443.78,35
182,372011210,2,,,,37201,高松市,御厩町,22,1787.18,2311.65,18,3379.7,3871.07,,,,,,,1373,123106.1,158775.24,10
183,372011220,2,,,,37201,高松市,中間町,14,1540.55,1895.05,8,1628.47,1860.87,,,,,,,857,94231.96,114761.03,8
184,372011230,2,,,,37201,高松市,郷東町,91,16345.2,31220.13,40,15269.81,18776.63,1,114.04,114.04,,,,757,66444.77,117032.37,45
185,372011240,2,,,,37201,高松市,鶴市町,75,10550.26,22545.13,35,6740.63,18585.91,,,,,,,1609,136737.59,207988.51,62
186,372011250,2,,,,37201,高松市,飯田町,23,1903.83,2912.94,17,3250.32,4190.1,,,,,,,1327,132737.97,166426.57,19
187,372011260,2,,,,37201,高松市,鬼無町藤井,13,899.49,2287.83,12,789.83,1419.47,,,,,,,566,51203.57,67201.6,17
188,372011270,2,,,,37201,高松市,鬼無町是竹,12,1998.49,3698.14,4,939.79,978.03,,,,,,,454,33031.4,44706.2,18
189,372011280,2,,,,37201,高松市,鬼無町佐料,,,,4,913.09,913.09,,,,,,,433,34378.73,46065.52,2
190,372011290,2,,,,37201,高松市,鬼無町佐藤,9,773.92,2494.68,8,668.3,726.06,,,,,,,514,41124.39,55181.39,12
191,372011300,2,,,,37201,高松市,鬼無町山口,3,476.88,686.48,,,,,,,,,,264,22357.98,28767.33,2
192,372011310,2,,,,37201,高松市,鬼無町鬼無,8,726.39,1146.89,12,939.04,1501.01,,,,,,,724,54736.77,74634.36,9
193,372011320,2,,,,37201,高松市,香西本町,44,5664.99,11364.78,38,41487.21,122052.29,,,,,,,1060,70055.55,115695.1,36
194,372011330,2,,,,37201,高松市,香西東町,27,4308.87,9272.27,15,3984.32,5990.97,,,,,,,587,37171.19,66403.48,32
195,372011340,2,,,,37201,高松市,香西南町,27,4847.89,9851.77,31,6687.12,8023.84,,,,,,,903,73193.43,117674.5,42
196,372011350,2,,,,37201,高松市,香西西町,5,521.64,521.64,1,39.66,124.93,,,,,,,483,32498.89,48024.16,10
197,372011360,2,,,,37201,高松市,香西北町,18,1223.23,1805.73,21,2007.42,2958,,,,,,,753,50699.26,77061.72,22
198,372011370,2,,,,37201,高松市,神在川窪町,12,895.46,1351.47,1,36.36,36.36,,,,,,,699,48534.56,67223.07,3
199,372011380,2,,,,37201,高松市,植松町,1,39.74,39.74,4,559.82,643.92,,,,,,,188,12986.91,17428.97,2
200,372011390,2,,,,37201,高松市,中山町,11,1203.43,1633.65,10,1518.47,1968.89,5,276.05,485.35,,,,792,59533.89,81054.14,3
201,372011400,2,,,,37201,高松市,生島町,14,1176.16,1936.55,10,908.78,1469.4,7,370.99,714.18,,,,733,53585.47,75096.96,11
202,372011410,2,,,,37201,高松市,亀水町,12,1060.44,1720.27,6,529.54,797.16,,,,,,,799,61148.54,79741.2,
203,372011420,2,,,,37201,高松市,女木町,4,305.41,463.9,2,61.97,61.97,2,488.12,982.89,,,,361,20046.22,22252.85,
204,372011430,2,,,,37201,高松市,男木町,1,37.4,37.4,3,54.78,174.16,1,174.18,239.16,,,,338,16156.53,17844.62,
205,372011440,2,,,,37201,高松市,由良町,14,1219.05,1665.69,10,2784.22,3785.36,1,83.91,167.25,,,,1496,121358.29,168995.3,38
206,372011450,2,,,,37201,高松市,川島本町,9,1615.58,2766.34,17,3908.78,5190.33,,,,,,,652,59513.21,79773.88,5
207,372011460,2,,,,37201,高松市,川島東町,26,2063.83,3161.4,28,11480.84,12034.69,,,,,,,2204,178836.36,247138.67,20
208,372011470,2,,,,37201,高松市,小村町,18,3323.04,6427.34,7,1255.29,1433.68,,,,,,,702,67038.63,88460.08,36
209,372011480,2,,,,37201,高松市,亀田南町,2,156.17,205.85,,,,,,,,,,791,57250.28,82016.38,15
210,372011490,2,,,,37201,高松市,十川西町,12,1272.56,1438.88,27,9551.53,11356.68,,,,,,,1033,85160.3,121830.25,20
211,372011500,2,,,,37201,高松市,十川東町,13,1064.72,1579.57,11,5177.45,5565.14,,,,,,,1010,79125.79,108533.93,29
212,372011510,2,,,,37201,高松市,池田町,18,1224.95,1714.25,5,1195.18,1243.1,,,,,,,586,45826.41,60097.51,
213,372011520,2,,,,37201,高松市,東植田町,13,972.08,1045.5,6,374.13,401.96,1,39.49,110.99,,,,930,70107.21,88046.81,1
214,372011530,2,,,,37201,高松市,西植田町,29,2400.84,3038.08,10,934.95,977.95,,,,,,,1493,109961.05,140294.62,
215,372011540,2,,,,37201,高松市,菅沢町,1,63.18,63.18,,,,,,,,,,148,8191.18,9635.31,
216,372011560,2,,,,37201,高松市,塩江町安原,17,1114.5,1609.05,7,697.29,943.31,4,454.44,454.44,,,,866,56070.85,69525.35,
217,372011570,2,,,,37201,高松市,塩江町安原,8,326.45,590.35,3,99.06,99.06,,,,,,,338,20881.96,25513.65,1
218,372011580,2,,,,37201,高松市,塩江町安原,13,918.07,1037.41,21,2337.74,3794.41,11,4229.8,9657.91,,,,709,41338.57,53128.62,3
219,372011590,2,,,,37201,高松市,塩江町上西,4,410.77,739.49,7,846.69,1285.99,11,2538.45,9273.85,,,,799,39324.29,44318.31,1
220,37201160000,3,,,,37201,高松市,牟礼町牟礼,45,8823.75,15937.51,80,22373.41,24897.36,1,61.89,125.66,,,,3486,287950.09,406325.72,77
221,37201160000,3,,,,37201,高松市,牟礼町牟礼,3,128.96,206.34,3,293.61,373.61,,,,,,,236,16734.52,24856.7,7
222,372011610,2,,,,37201,高松市,牟礼町大町,23,2574.17,3772.73,15,2176.13,2350,,,,,,,1980,162554.86,228478.78,41
223,372011620,2,,,,37201,高松市,牟礼町原,12,859.27,1190.56,12,1348.88,1633.06,,,,,,,1037,79398.27,103884.53,16
224,372011630,2,,,,37201,高松市,庵治町,66,5961.85,9994.67,44,5214.79,6686.58,7,1269.07,5317.85,,,,2823,225236.01,307214.6,7
225,372011640,2,,,,37201,高松市,香川町東谷,3,311.06,311.06,2,90.26,90.26,,,,,,,365,20147.97,23312.67,
226,372011650,2,,,,37201,高松市,香川町川内,18,2187.05,2370.04,4,194.85,194.85,,,,,,,658,47434.69,61708.35,1
227,372011660,2,,,,37201,高松市,香川町川東,34,4139.86,6349.28,53,6922.27,9780.19,4,608,1220.35,,,,1844,125618.13,177088.53,11
228,372011670,2,,,,37201,高松市,香川町川東,19,4276.89,7141.47,40,15629.26,20289.59,8,4267.68,17061.96,,,,1072,85599.71,116587.55,12
229,37201168000,3,,,,37201,高松市,香川町浅野,33,2558.46,4525.27,64,6741.53,10593.5,2,627.33,2208.69,,,,4092,275019.18,397462.33,29
230,37201168000,3,,,,37201,高松市,香川町浅野,,,,,,,,,,,,,19,1666.92,2466.94,1
231,372011690,2,,,,37201,高松市,香川町大野,44,5161.93,7454.16,51,9023.83,11538.44,,,,,,,2552,191848.16,271092.22,33
232,372011700,2,,,,37201,高松市,香川町寺井,,,,5,1110.24,1330.57,,,,,,,151,13580.74,17199.64,2
233,372011710,2,,,,37201,高松市,香川町安原,9,1027.2,1101.77,1,82.91,82.91,,,,,,,204,14212.54,17874.4,
234,372011720,2,,,,37201,高松市,香南町吉光,14,2000.47,2910.26,2,56,56,,,,,,,437,32706.59,43290.38,
235,372011730,2,,,,37201,高松市,香南町由佐,29,2657.56,4587.94,23,3083.27,3600.69,2,2144.59,8934.15,,,,992,74386.33,100106.61,4
236,372011740,2,,,,37201,高松市,香南町岡,27,4530.29,7250.4,16,7496.08,14713.3,,,,,,,490,38483.79,49169.61,1
237,372011750,2,,,,37201,高松市,香南町横井,13,2232.24,5210.61,10,606.47,740.32,,,,,,,573,43091.6,60625.9,5
238,372011760,2,,,,37201,高松市,香南町西庄,27,2760.02,3881.39,10,1151.56,1290.44,,,,,,,918,63953.33,86747.73,7
239,372011770,2,,,,37201,高松市,香南町池内,14,5765.41,13489.19,7,391.15,596.28,,,,,,,502,38314.51,51170.94,
240,372011780,2,,,,37201,高松市,国分寺町新,59,8766.95,14508.5,93,21068.81,24231.44,7,1417.17,2743.21,,,,3159,245332.36,341389.39,94
241,372011790,2,,,,37201,高松市,国分寺町新,36,3165.83,5879.84,47,10176.09,11627.23,1,41.46,41.46,,,,1898,144467.48,202357.32,19
242,372011800,2,,,,37201,高松市,国分寺町柏,6,1026.69,1026.69,5,441.98,554.64,,,,,,,712,50770.25,72903.62,1
243,372011810,2,,,,37201,高松市,国分寺町福,36,7511.27,10867.93,34,9042.1,10632.13,,,,,,,2635,195468.74,272986.38,12
244,372011820,2,,,,37201,高松市,国分寺町国,53,6075.06,13233.4,50,10194.36,11699.83,15,1217.94,4258.88,,,,2204,173152.07,238452.75,46
